id,pred
43299,0
15156,1
13780,0
33636,0
27044,0
15762,1
41630,0
403,0
37197,0
43411,1
3058,0
43065,0
3318,0
12119,0
23596,1
12127,0
18232,1
44436,1
17719,1
25164,0
43473,1
6998,0
44111,1
40843,1
707,1
3492,1
15340,1
37342,1
15824,1
24091,1
7055,0
5581,0
31417,1
35920,1
31100,1
44289,0
11992,1
36791,0
32354,0
25651,0
2608,0
2430,0
3816,1
37336,1
42583,1
18647,1
836,1
8625,0
33942,1
25495,1
22822,0
5566,1
21674,0
28334,1
4952,0
15195,1
18800,1
44772,0
23719,0
19178,0
11333,0
44416,0
36176,0
27676,0
25010,0
39355,1
8964,1
34766,0
8418,1
12279,1
30329,1
27711,1
5630,0
36771,1
37522,0
40899,1
26020,1
3682,1
19404,0
29476,1
3986,0
15199,1
39734,0
42975,1
20787,0
37046,0
3667,1
8413,0
18831,1
23206,1
33423,1
22835,1
25344,1
19557,1
11832,1
28743,1
16929,1
33973,1
35652,1
7243,0
2638,0
43024,1
19050,1
39211,1
18253,1
878,1
27106,1
44727,1
27960,1
4380,0
11958,1
19188,0
27574,1
3909,1
10764,0
26332,1
43422,0
24832,1
20837,1
30298,0
14636,1
32153,0
13162,1
31391,0
6480,0
4712,1
12477,1
33758,0
35451,1
26536,1
20699,1
17393,0
23024,0
22357,0
39433,0
22539,0
29572,0
27201,0
36592,0
21647,0
8447,1
39438,0
29088,1
37928,1
1799,1
17144,0
655,0
40408,0
5813,0
21673,1
2893,0
43529,0
5637,0
9613,0
3045,0
24905,1
21692,0
6160,1
13516,0
6023,1
37861,0
42332,0
13570,1
11212,1
11222,1
10829,0
23122,1
4764,0
27595,0
3660,1
3327,1
9466,0
2664,0
25939,1
41519,1
27830,1
21918,0
11674,0
30832,0
41657,0
39419,0
34696,0
40199,1
33314,0
44915,0
2881,0
22224,1
9146,0
32019,0
21342,1
29413,0
11155,0
27690,0
16196,0
37389,0
33711,1
19620,1
43068,1
24919,0
31626,0
16693,0
32428,1
6728,0
43616,0
44478,1
29554,0
20915,1
23778,1
23457,1
31407,0
12818,0
41883,0
28961,0
39535,0
43722,0
2624,0
22303,1
29149,0
33506,1
19223,0
37707,0
24601,0
14250,1
39321,1
756,1
21305,1
2780,0
24504,1
41996,0
30078,0
20309,1
16454,1
21752,1
8085,1
15048,1
38451,1
44083,1
44955,1
18065,0
15735,1
18988,1
12374,0
30252,1
7869,0
1270,0
21798,1
40591,0
31625,0
28807,0
6999,0
30936,1
11284,0
27303,1
8670,0
9522,0
18668,0
20117,0
9046,1
23509,1
41863,0
44671,0
23005,1
23332,0
5128,0
9328,0
29141,1
1546,1
740,1
10876,0
1675,0
16122,1
2568,1
29698,1
40780,1
4733,0
40574,1
33542,0
8522,1
21585,0
42830,1
32787,1
2245,1
3204,1
28886,0
5205,1
30826,0
20225,0
41716,0
11999,0
42584,1
1937,0
6666,0
3241,0
36078,1
10359,1
364,1
20108,1
39258,0
24055,0
37495,1
8739,0
19325,0
34410,0
20902,1
27915,1
1173,0
37269,1
22470,1
36111,1
36133,1
43453,1
535,0
12666,1
34179,0
12480,0
17200,1
22885,0
23707,0
34900,0
34566,1
4576,1
5191,0
19507,1
15733,1
30430,1
20660,1
33292,0
3090,0
1997,1
21638,1
24814,0
11820,0
2832,1
8270,0
32356,1
26112,1
7490,0
15628,0
29879,1
40691,1
1300,0
31316,1
5500,0
6448,1
15614,0
42619,0
17865,0
27370,1
17986,1
32560,0
7068,1
26906,0
35710,0
26328,1
20046,1
15117,0
41934,1
21210,1
25740,0
5681,0
11550,1
34306,0
39447,0
68,1
5556,0
3011,0
17108,1
36954,1
43862,0
27719,0
13648,1
43855,1
11398,1
13148,1
4583,0
3229,1
7368,1
10682,0
144,1
18896,0
29814,1
23818,1
43644,1
9345,0
14142,0
33981,1
29080,0
18734,0
9262,0
20086,0
21812,0
20168,0
41626,1
25242,1
29239,0
23601,1
27455,1
37041,1
30700,1
38825,0
787,1
11050,1
18101,0
39508,0
15793,1
12380,1
7854,1
154,1
13017,1
14874,1
14260,0
37395,1
26871,1
17381,0
32923,0
11469,0
32364,0
22635,1
4655,1
8056,1
23890,1
30852,1
8927,1
32925,0
35854,1
1553,0
13394,0
33325,1
2149,0
496,1
13866,0
35090,1
25162,0
32920,1
44309,1
41710,1
41154,1
1365,1
18123,0
19386,0
25694,0
23346,1
29969,0
15697,1
19268,1
3721,0
9534,0
26620,1
17273,0
38240,1
19586,1
4921,1
4824,1
31377,1
15480,0
32168,0
16728,1
4137,1
19573,0
20907,0
27161,1
2122,0
6859,1
993,0
16150,1
7383,0
44573,1
15631,0
26637,0
7367,1
42803,0
21119,1
20978,0
3566,1
5841,0
16668,1
44190,0
12862,1
22560,0
18985,1
36920,1
16076,1
14272,0
14131,1
44644,0
20463,1
10314,0
38771,1
23761,0
42624,0
30436,1
4322,0
35930,0
35399,1
3175,0
35334,0
17588,0
20029,1
26503,0
3115,1
26656,0
42826,0
23111,0
35229,1
3226,0
20176,0
8998,1
42210,0
14202,1
35909,1
38107,0
42382,1
25143,0
41480,1
6938,1
17452,0
36687,1
29063,1
5530,1
5399,1
11361,1
14381,0
17286,1
42164,0
35898,1
10741,0
8321,0
5270,1
34630,1
10892,1
44865,0
24701,1
32770,0
35475,0
13328,0
21710,1
9197,1
2156,0
19783,0
4012,1
43813,0
33303,1
11963,0
32017,1
30891,0
38592,1
12353,0
15324,1
41316,1
23066,0
9270,0
43676,1
32635,0
8684,1
16563,0
6465,1
26533,1
42395,1
29492,1
18301,1
27762,1
43672,0
26082,0
14905,0
44449,1
34679,1
15928,1
28611,1
1302,0
23992,0
17518,1
1231,0
27095,0
34086,1
4369,0
27026,1
39190,0
13855,1
6081,1
40414,1
35370,1
6569,0
28061,1
18558,1
12747,1
19990,0
13277,1
22814,0
29246,1
25187,0
7996,0
36537,1
32575,0
37846,1
24659,1
9600,1
4632,0
241,0
15425,1
29512,1
12198,0
27156,1
40355,1
27315,1
32440,0
7466,0
34636,0
39362,1
35290,1
1821,1
2411,0
39938,1
8244,1
28465,1
16577,1
37334,0
29992,0
24327,1
13930,0
42908,0
6392,1
34887,1
36548,0
37730,1
2810,0
33267,1
11446,0
33687,1
40686,0
37053,0
40870,0
24747,1
229,0
42424,0
35510,1
13330,1
11704,0
9272,0
40134,1
6002,1
4898,1
5584,1
28230,1
28900,0
19895,1
33897,0
44864,0
10401,0
34336,1
34475,0
23835,0
3154,1
10365,0
11524,0
216,1
23489,0
26951,0
9825,0
35694,1
9638,1
35490,1
24278,0
44967,0
35428,1
24427,0
1450,0
26313,1
13800,1
27813,0
40896,0
28308,0
41029,1
41822,1
29671,1
10833,1
34274,0
6055,1
31876,1
36994,1
23825,1
43675,1
35968,0
44404,0
6450,1
7952,0
28133,1
14627,1
15805,0
37204,0
11358,1
39601,1
13669,1
31106,0
14646,1
18446,1
21030,1
27389,0
3776,1
16375,1
5597,0
34759,1
27126,1
23650,0
40078,1
42052,0
36943,0
23309,1
29425,1
1908,1
15582,1
25856,0
10144,1
43851,0
42572,1
33752,1
38249,1
43474,0
21182,1
24328,1
37426,1
15387,1
26182,0
35919,1
40019,0
9266,0
38738,0
30481,0
29087,0
44411,0
34160,1
33215,0
39867,0
8803,0
41583,1
33140,1
38915,0
14560,1
17797,0
42897,0
28387,1
41764,0
22505,1
34981,1
5604,0
8882,0
22389,1
38186,0
4939,0
20009,0
3159,1
20652,1
9159,0
31974,1
464,1
616,1
6381,1
20214,1
8182,0
17720,0
16575,0
2717,1
36737,1
26221,0
15241,1
30023,0
5179,0
44464,0
22707,1
39837,1
25784,0
21046,0
23475,0
6222,0
13387,1
28130,1
7038,0
15475,0
10571,1
15512,1
39150,0
41038,0
6359,0
41828,1
6692,1
10786,1
15882,0
31899,0
33799,1
28351,1
1578,0
23123,1
15860,1
32336,0
9948,1
36562,0
20040,0
20712,0
21494,0
17552,0
32729,0
42315,0
42622,1
35686,0
5587,0
14606,1
31671,1
1516,1
35140,0
3433,1
20864,0
4240,0
19774,0
34159,0
894,1
26427,1
5075,0
24901,0
25792,0
15188,1
2934,0
32331,0
29266,1
11971,1
44097,0
28023,1
1130,1
732,0
11111,1
30330,0
3085,1
7298,0
37357,0
31927,0
2796,1
25364,0
7602,1
799,0
22617,0
17119,1
39331,0
179,0
17559,1
13799,0
17175,0
32568,0
27778,0
32967,1
24649,1
29770,0
16933,1
12941,0
23850,1
11773,0
38499,0
4617,0
15104,0
7534,0
67,0
44326,1
37481,0
21599,1
15690,0
42613,1
5034,1
35341,1
43335,0
20226,0
17007,1
9874,0
38991,1
788,0
3333,1
30967,1
44600,0
6009,1
24163,0
8335,1
43753,1
6298,0
32265,0
1192,0
516,1
30735,0
30025,1
37245,1
27224,0
21436,0
23284,1
1002,1
14623,0
18983,0
17899,0
6192,0
14176,0
5754,1
34837,1
16253,1
24921,1
15906,0
1463,0
24300,0
18256,1
37345,1
27465,0
40738,0
7350,1
4819,1
221,0
26338,0
39958,1
12633,0
19938,0
27774,0
4604,1
37017,1
22500,1
7037,1
5651,1
28312,1
17633,1
41501,0
44096,0
29864,0
2882,0
18062,0
22445,0
902,0
18982,1
34950,1
8489,0
30233,0
23465,1
8220,0
1628,0
6773,1
12022,0
14679,1
11441,0
40307,1
42490,1
28968,1
2581,0
42415,1
34925,0
4341,0
41485,0
35462,0
18772,1
1074,1
21639,0
17066,0
37299,1
29352,0
32627,1
3160,0
38354,0
35756,1
21293,0
34651,1
21399,0
31335,0
18325,0
19681,1
5975,0
3730,0
491,0
22093,0
33950,1
1376,1
37783,0
31659,1
17011,0
4759,0
30342,0
10305,1
6041,1
28757,1
2842,1
36949,1
36855,1
2888,1
8877,1
20924,1
23068,0
14998,1
22838,1
17751,1
42542,1
19024,1
17576,1
5603,1
32895,1
13922,1
5731,1
14746,1
5297,0
13852,0
40922,1
17697,1
25275,0
28380,1
20919,0
6870,0
21043,0
9944,0
9644,0
14893,1
29710,0
38197,1
9191,1
43215,0
21651,0
3787,1
34553,0
29810,0
4684,1
4271,1
32114,0
34807,1
20426,0
19282,0
43512,0
40451,1
3341,1
39502,1
19038,1
32231,1
38680,0
14288,0
2032,0
21474,0
17198,1
7236,0
12756,1
15328,0
30952,1
20591,1
29851,0
1080,0
18611,0
42338,0
28092,1
27282,0
38418,0
27673,1
26027,0
14319,0
28806,0
14507,0
36631,0
2937,1
3918,0
30064,0
34458,0
26300,0
28113,0
40990,1
33074,0
36825,1
40177,1
9838,0
9707,0
35082,0
30721,0
26028,1
14309,0
34582,0
19881,0
2063,0
6471,0
17401,0
6478,1
38221,1
11280,0
29832,0
16941,0
29123,1
44867,0
37039,1
8532,0
20471,0
23048,0
9096,0
19523,1
40164,1
32093,0
16973,0
36134,1
5516,1
11782,1
8227,1
15311,0
24605,1
35164,0
5507,1
26479,1
925,1
12071,1
11707,1
35893,0
22058,0
30917,1
19159,1
6560,0
39956,1
12721,1
42007,0
9628,1
5799,1
28558,0
22367,0
38651,0
9783,1
27833,0
26026,0
18566,0
19628,0
17858,0
38872,0
29794,1
27844,1
13010,0
39758,0
39544,0
31098,1
15967,1
42053,1
25786,1
38309,1
33190,1
26348,1
18691,1
24850,1
16556,0
3957,0
5607,0
44158,0
24847,1
34494,1
1185,0
26141,1
39695,0
33673,1
19879,0
8347,1
7798,1
43435,0
6090,1
2081,0
43481,0
7934,0
10847,0
12178,1
9317,1
24595,1
11928,0
9928,1
7212,0
21062,1
6534,1
5210,1
35415,0
10074,1
8449,1
39165,0
34247,1
28927,0
693,1
30226,0
41475,0
39134,1
42229,0
7371,0
34070,0
7838,0
36484,0
41775,0
24496,1
28634,0
5038,0
37168,1
13841,1
20901,1
30980,1
7355,1
16123,1
8751,1
39868,0
27152,0
1437,1
508,0
38171,0
5931,0
8948,1
12243,1
17304,0
28413,1
32264,0
4387,0
40482,0
10311,0
8922,1
8694,1
17028,1
25489,0
1540,1
9122,0
33980,1
15285,0
5868,0
35329,0
22491,1
13030,1
11570,1
22000,1
391,0
17849,1
29002,1
17577,0
31729,0
41989,0
32022,1
36359,0
11351,0
25082,0
6720,1
15541,0
44730,1
27242,1
14694,0
947,0
14328,1
14415,0
39862,0
35933,1
35316,1
32158,0
18158,1
13008,0
33041,0
20828,0
25374,1
36387,0
27406,0
7009,0
43498,1
17305,1
4634,1
31087,1
17131,1
19954,0
27053,1
30134,1
10763,1
13946,0
24942,1
14343,1
38368,0
9291,1
28932,0
15990,0
32697,0
36406,0
20598,0
44958,1
25869,0
21200,0
33368,1
21925,0
34421,1
41802,1
31372,1
42263,0
1894,0
7834,0
32652,1
22887,0
20747,0
33031,0
376,1
18351,1
30772,0
1467,0
12616,0
13544,0
5697,1
17628,1
42943,1
4838,1
41085,0
33710,0
29099,0
19042,1
15883,0
10906,1
28622,1
43650,0
4876,0
39347,0
19184,1
20691,0
13332,1
42185,0
33067,1
25626,1
23155,0
17242,1
2036,1
20424,0
10451,1
18543,0
17884,1
44912,0
6829,0
7131,1
20470,1
16627,1
13991,1
35913,1
18029,0
7372,1
5595,0
27333,0
41918,1
40953,0
34845,0
4104,0
7494,0
41410,1
29378,0
38737,1
24705,1
15471,0
23989,1
26682,1
20351,1
41068,0
44776,1
42736,1
39523,1
2576,0
30426,1
14390,0
4043,0
12854,0
4079,0
7755,0
32468,0
25217,1
30792,0
15961,1
19163,1
37372,0
21317,1
14253,1
34754,1
20246,1
9727,0
16710,1
22779,0
936,1
4055,1
43213,0
37998,1
20956,1
13667,1
34037,0
865,1
37711,0
2254,1
22395,0
23383,0
16756,1
36635,1
33378,0
37420,0
43092,1
30006,0
25257,1
15887,1
38688,1
20014,1
14023,0
18749,1
7149,0
12998,1
20174,0
41629,1
5582,0
10901,0
5061,1
9616,1
8045,1
17047,1
8387,0
14630,1
40851,0
28836,0
27565,1
2777,0
40797,0
44947,0
7190,0
13732,1
5574,1
6136,1
29846,1
20812,0
10554,0
5248,1
21154,1
3982,1
24210,0
30565,1
11086,1
19054,1
27541,0
16664,0
2173,0
32084,0
31900,0
41282,0
43404,0
7453,0
5198,1
26271,1
17794,0
13211,0
15996,1
28993,0
21058,0
7207,0
21268,1
22192,1
3810,1
25098,1
21068,1
5544,0
29008,1
41502,0
29979,0
20948,1
40056,1
32464,0
17654,0
29093,0
34153,1
40004,1
33066,1
8636,1
4874,1
36636,0
13908,1
2078,0
15030,0
14210,0
29328,1
24369,1
3010,1
18614,0
15217,0
19227,0
2538,0
16396,0
39405,0
7499,1
20427,1
39322,1
10771,1
32536,0
30314,0
21890,1
23239,0
21685,1
28636,1
37423,1
321,0
7136,1
17756,1
44839,1
11985,0
35423,0
24882,1
26628,0
33655,0
37771,0
41269,0
31832,0
3179,0
245,0
14759,0
23854,0
16528,0
38752,1
32529,1
24536,0
35132,1
1162,1
44782,0
22338,0
288,0
26207,1
35231,1
10069,0
10681,0
12451,0
1171,1
4676,1
10375,1
39561,1
31309,0
30498,0
26554,0
33046,0
40572,1
23166,1
25492,0
28165,0
40863,1
3122,0
17696,1
36175,0
22767,0
31302,0
13862,0
42439,0
31731,0
932,0
30063,1
692,1
35350,1
6365,1
18294,1
20951,0
44386,0
16429,1
20324,0
4320,1
35734,1
3970,0
25764,0
4927,0
4934,1
14617,0
13972,1
43396,1
23863,1
22693,0
3093,0
21098,1
12749,0
24339,0
39831,0
15791,1
3983,1
20675,0
23325,1
34173,0
38893,0
1095,0
22928,0
28311,1
15973,1
28748,1
31919,0
26461,0
42820,0
2844,1
37584,0
38725,1
25096,1
18212,1
20856,1
40415,1
17,1
28203,0
16525,0
18444,1
23528,1
21055,0
12206,1
31423,1
32007,0
14408,1
32767,1
4687,1
4923,0
39554,0
5878,0
30596,1
32444,1
16460,0
35114,1
22832,1
25007,1
4587,1
13676,1
44599,0
40305,1
8379,0
24817,1
25360,0
43023,1
38966,0
25554,1
39170,0
5696,1
2942,0
40637,1
31223,0
40943,0
21165,1
42679,1
38347,0
10339,1
26672,0
8308,0
11619,0
25934,1
33817,0
41239,0
6783,1
40720,1
42714,1
42836,1
19946,0
41272,0
1610,0
19481,0
29167,1
35184,0
23800,0
31981,1
34786,0
35740,0
12318,0
35700,0
43051,0
19631,0
16509,1
13002,1
1815,0
25417,0
31977,1
14587,0
25175,0
2124,0
13705,1
31722,0
42417,1
44643,0
14192,1
18582,1
20436,0
17601,1
27939,0
32248,1
33577,0
21439,0
39957,1
30097,0
4907,0
3723,1
12735,0
36731,0
42259,1
2672,1
9418,0
4553,0
6010,1
28431,1
19602,0
38506,1
18438,0
27543,0
3165,0
39532,0
32765,0
1658,1
44092,1
19095,1
37035,1
23100,0
16807,0
27357,0
16245,0
38085,1
31602,0
27878,0
9674,1
19230,1
43646,1
33770,1
36967,0
35187,0
36344,1
9773,0
3559,0
40326,0
3855,1
4888,0
28808,1
43054,0
5314,0
25884,0
37293,1
13700,0
30608,1
4828,1
33576,1
3908,0
29135,0
39792,0
34725,0
10638,1
9344,1
37664,1
35171,0
37953,1
22909,0
18280,1
10284,0
9891,0
41843,1
18324,1
26515,1
42588,1
42894,0
17388,1
15087,1
24043,1
41655,0
7567,0
29228,1
14720,0
44148,1
5369,0
39697,0
9604,0
22674,0
29426,1
30144,1
2619,1
4486,0
11796,1
17370,1
24367,1
22554,0
7385,0
41116,0
13270,1
28678,1
9276,1
33784,0
9461,0
2463,1
9969,0
6510,0
43838,0
590,0
13137,1
8849,0
37393,0
20143,0
39614,0
18413,1
36886,1
9425,0
5455,0
40568,0
34218,0
6838,0
29433,0
20289,1
18817,0
44076,1
43662,1
21032,0
1588,1
39455,1
44936,1
18104,1
22485,1
31418,1
29278,0
3962,1
30141,1
29632,1
6079,0
30664,1
10957,0
43929,1
4007,0
37708,0
42513,1
18396,1
5899,0
2867,1
14012,0
41979,0
30210,0
30267,0
16969,0
11461,1
20317,0
34029,0
20923,1
33079,0
34485,1
34821,1
20672,1
4669,0
4299,0
3784,0
33777,1
7348,0
10378,1
9879,0
2774,1
13027,0
12949,0
25106,0
1988,1
40048,1
29547,0
35441,0
16261,1
25465,1
9176,1
31509,0
44439,1
25902,0
19310,1
250,0
27791,1
38653,1
28129,1
34813,1
6590,1
13781,0
11990,1
628,1
40730,1
29524,0
28821,1
23930,0
42243,1
4766,1
26178,0
6512,1
2231,0
20567,0
12428,1
39764,0
41396,1
18783,1
32727,0
6306,0
13999,0
15642,0
32300,1
12393,1
17571,0
10704,1
44698,1
21699,1
4248,1
8003,0
31955,0
32704,1
9498,0
11242,0
31350,0
27544,1
1274,1
5699,1
31522,0
10989,1
23000,1
3359,0
16568,1
42617,1
39282,0
4568,0
13256,0
10849,1
32552,1
41897,1
1962,0
4993,0
4892,1
14331,1
30392,0
24424,0
25955,0
30972,0
44428,1
6227,0
27324,1
38135,1
34020,1
35945,0
29649,0
3360,0
308,0
29965,1
43394,0
32324,0
12581,1
43768,0
9766,1
1052,1
14520,1
11411,1
9222,1
10235,1
37532,1
34643,1
25663,0
23667,0
27797,0
44032,0
41752,1
13683,0
20707,1
25833,0
38600,0
4918,0
25075,1
192,0
25069,1
24485,1
13234,0
37254,0
9784,0
28055,1
3925,0
9941,1
22801,1
28811,0
16062,0
36072,1
30827,1
25921,1
29964,0
15550,1
18075,0
27528,1
13305,1
42674,0
19693,1
17889,0
34575,0
36640,1
25865,0
3792,0
43608,1
35555,0
9260,0
41118,0
34486,1
35465,0
31028,1
1849,1
12853,0
39391,0
36204,0
31924,1
29897,0
16527,0
6772,0
27560,0
39761,0
13879,1
30677,1
43606,0
41591,0
33886,0
30958,0
34525,1
39520,0
28685,1
871,1
9105,0
33490,1
10998,1
27650,1
17271,1
18109,0
5593,0
26097,1
24487,0
10939,0
40910,0
11738,0
33083,0
26376,1
43808,0
11950,0
40215,0
20589,0
5851,1
38898,1
38216,1
3130,1
16280,0
33679,1
3969,0
42488,0
337,0
27341,0
18932,0
8113,1
32370,1
2986,1
10879,1
15917,0
11670,1
20863,0
19943,1
11002,0
37589,0
29438,1
41674,0
19801,0
12101,1
9019,0
29873,1
7244,1
14080,1
20867,0
43721,0
11875,0
43302,1
25806,0
8264,1
18679,1
6856,0
8598,1
41420,0
6902,0
29933,0
23964,0
9950,0
16437,1
1446,1
40496,1
14822,0
1696,0
17959,0
22524,1
20790,0
1631,1
33038,1
1882,0
14524,0
13901,1
37843,0
5510,1
44240,0
2033,0
27501,1
34701,0
35304,1
32955,0
5559,1
11152,1
23570,0
20528,1
42171,0
43807,0
6588,0
17619,1
36684,1
447,0
14537,0
14032,1
39893,0
28379,0
31380,1
20520,0
35209,1
35872,0
21159,1
38863,0
9487,0
21903,1
42625,0
28019,1
33456,0
5209,1
41283,1
10346,1
30135,1
37689,0
43525,0
25567,1
41271,1
19521,1
38231,0
14140,0
19568,0
23907,0
22766,1
19584,1
1448,1
34058,0
10693,0
23742,0
10336,1
44504,1
34780,0
23927,1
15831,0
15736,0
12159,1
18264,0
18815,1
12454,0
38848,1
38226,1
11350,1
4132,0
16352,0
17421,1
15409,1
36903,0
17034,0
33630,0
25480,1
24686,0
34711,0
10296,1
37100,0
25160,0
14120,0
43159,1
36739,1
41891,1
31648,1
2776,1
32102,1
4146,1
26900,0
43393,0
35180,1
17479,0
22450,0
34315,1
22419,0
40825,0
44605,0
6954,0
35904,0
13233,1
5751,1
14716,1
31086,0
3806,1
9077,0
27231,0
41982,0
15161,0
39543,1
16849,1
28851,0
29769,1
3328,0
22616,1
40151,1
1263,0
25531,1
23597,0
17360,1
18951,0
22251,0
13118,1
25518,1
39351,0
44734,1
21120,1
32465,0
5022,0
23514,1
23560,0
14996,0
11414,0
22440,1
43972,1
41379,0
19174,1
25521,0
25381,1
19405,0
36877,0
5214,1
3256,0
40092,1
2691,1
4628,0
41844,0
34088,1
41986,0
37931,0
7227,0
8567,0
12193,0
17520,1
4530,1
21134,0
23471,0
9942,0
40615,1
18063,0
39105,1
6983,1
41817,1
10067,0
918,1
18890,0
29878,1
13289,0
19289,1
44053,0
571,1
36183,0
36485,0
25516,0
7032,0
39606,1
19611,1
41208,0
28555,1
14027,0
25614,0
14233,1
24230,0
2218,0
5233,1
30454,0
41078,0
30258,0
35596,0
22165,1
4997,1
3263,1
6839,0
5742,0
33419,1
22424,0
11095,0
18643,0
38164,0
39851,1
42296,1
36290,1
10923,0
41938,1
4479,1
5661,0
9789,0
32836,1
10777,1
30858,1
27773,1
32597,0
21189,1
23994,1
17643,0
36608,1
30927,0
17376,0
33688,0
32934,1
40533,1
6645,0
29180,1
14335,1
14283,0
25526,0
4595,1
10699,0
35619,1
19213,1
28303,1
44227,1
37229,0
27082,0
14909,0
39392,0
9307,1
33725,1
9868,0
27924,1
44697,1
35504,1
38438,0
21373,0
2379,0
15624,1
32002,0
28902,0
36941,0
12392,0
12743,0
24477,0
32511,1
16104,1
366,0
2104,0
20144,1
33458,1
35960,0
19260,0
5711,0
16035,0
25184,1
20885,0
15229,0
1094,0
39487,0
44829,1
25345,1
29064,1
15900,0
16545,0
204,1
22868,0
20325,0
44848,1
37702,1
10007,1
24032,1
33999,0
7958,0
27527,1
43964,0
37020,1
22496,1
31710,0
13441,1
22589,0
27870,0
12227,0
37103,0
10745,1
28454,0
16768,1
31456,1
7486,1
4887,1
33626,0
6540,0
18946,1
27217,1
21840,0
36047,1
6860,0
10974,1
1630,0
10626,1
33723,1
40173,0
38713,1
17000,1
32822,0
39179,1
36285,0
19276,0
44116,1
22261,1
490,1
15936,1
42753,1
17375,1
44623,1
42350,0
11706,1
35741,0
34694,1
35711,1
35932,0
21063,1
35387,1
19997,0
24256,1
20177,1
11764,1
11578,0
35623,1
32173,1
3440,1
34661,1
16634,0
21640,0
44945,1
13007,1
17890,0
23676,0
671,1
44366,0
42039,1
33666,0
3307,0
8027,0
27770,0
2891,1
22388,0
24124,0
42082,1
27198,0
14395,0
22336,1
8398,0
14163,1
26947,1
26346,1
33403,1
22464,0
2383,1
24566,0
6477,0
36946,0
37549,0
11313,0
11065,0
30836,0
25308,0
10532,0
38760,0
27375,1
2764,1
2582,1
43063,0
12000,1
23186,1
34873,1
37406,0
3765,0
4235,0
4995,0
29101,1
37826,1
4435,1
11677,1
718,0
29895,0
36585,0
6774,1
43205,0
10739,0
27049,1
14672,1
33273,0
39580,0
36662,0
9360,0
30076,0
10656,0
30699,1
36469,1
40143,1
32131,0
39083,1
12817,0
36414,0
193,1
25397,0
33585,0
30010,1
44146,1
15811,1
6161,0
19072,1
37159,1
11165,0
27965,1
4928,1
28917,1
5553,0
10800,0
42346,0
239,0
12208,1
44189,0
44281,0
37005,1
5619,1
30050,1
25522,0
41527,0
8641,0
37866,1
14666,1
35011,0
36321,1
19390,1
19745,1
15535,0
8329,1
38397,1
37276,0
3454,0
31871,1
41730,1
35063,0
26830,0
29346,1
24691,1
41464,1
21114,1
23502,0
7082,1
31136,1
30955,0
4734,1
13046,0
43863,1
13918,1
14956,0
20930,0
43981,1
5521,1
32116,1
23200,0
35469,1
28247,0
1701,0
27887,1
27519,0
6969,1
16323,1
24528,1
38988,1
41437,1
32855,0
26885,0
27254,1
44107,1
42841,0
18979,0
17414,0
137,0
39741,1
23409,1
30817,0
11088,1
19239,0
15722,1
1201,0
38890,1
26148,0
42191,0
30445,1
6297,0
3928,1
14388,1
26490,0
32829,1
3607,1
21226,1
26936,1
35099,1
11708,0
2188,1
32964,1
12357,1
17187,1
15955,1
35437,0
42797,1
18453,0
35530,0
34801,0
25501,0
5104,1
13653,0
31782,0
1638,1
30450,1
11174,1
43366,0
35843,1
25399,1
7297,0
3279,1
31708,1
8004,1
26712,1
29494,0
41365,1
43440,1
31958,0
23300,1
13517,0
7353,1
10752,0
40598,0
16447,0
24418,0
7698,1
44228,0
5669,1
38507,0
28274,0
18426,0
5308,1
4459,0
20026,1
42801,1
19643,1
12856,1
18258,1
21129,1
27173,1
26294,1
19297,1
20412,0
38257,0
16679,0
8025,0
24171,0
29062,1
44170,1
23249,1
16874,1
25070,1
33459,1
30472,1
16987,0
10104,0
1015,0
42759,0
870,1
34762,1
10627,1
14925,0
7611,1
5284,1
4371,1
26150,0
1362,1
26250,0
34398,0
12626,0
1552,0
20811,1
44982,0
27587,0
8253,1
10443,1
41631,0
5040,1
44213,0
21870,0
22521,0
38463,0
37888,1
30132,0
1135,1
24945,1
10279,1
28328,1
10452,0
4018,1
10410,0
25641,1
35193,1
4139,0
860,0
29944,0
2963,1
24474,1
2427,0
3677,0
29316,0
29039,0
7675,1
19875,0
12978,0
18486,0
16754,0
37706,1
5286,0
8368,1
30982,0
24352,0
12906,1
2094,0
15597,1
11337,1
11684,0
40586,1
1921,1
83,1
17201,1
13319,1
37165,1
18846,1
27492,1
1814,0
34040,0
2995,1
37526,0
15439,1
14297,1
2643,0
9281,1
40388,1
29085,1
18690,1
36964,0
29232,1
12361,1
3850,1
44837,0
34511,1
16195,0
19234,0
30110,1
16194,1
26991,0
36323,1
29268,0
2601,0
16347,1
22548,1
30950,0
1519,0
29341,0
28891,0
32183,1
41250,1
4118,1
22694,1
10826,1
5756,0
38402,1
14115,1
43454,1
22626,1
39931,1
28231,0
22193,0
14257,0
1989,1
25918,0
30021,0
40506,1
16902,1
10562,1
32970,0
38557,0
25992,1
29241,1
15167,0
23581,0
22932,1
37624,1
43712,0
24704,1
22743,0
9742,0
15951,0
3766,0
39201,1
25028,1
7847,0
41377,0
12254,0
26050,0
21206,0
16403,1
30014,1
19489,1
31803,1
888,0
39030,0
23621,0
6990,0
38812,0
10809,1
19553,0
1425,1
16524,1
32027,1
26501,1
19582,0
21516,1
113,1
40929,1
7292,0
16200,0
37328,0
11443,1
21075,1
11255,0
24336,1
44854,0
20453,0
20793,1
17267,1
19478,1
26114,1
27799,0
16836,0
3732,0
1482,0
32299,0
4987,1
35532,0
13795,0
40894,0
1856,1
33768,1
390,1
39195,1
18625,0
10579,0
38056,1
40881,1
17377,0
4998,0
20307,1
19357,1
27963,1
23256,1
14212,0
37565,0
4770,0
26401,1
4174,1
18920,0
44034,0
34676,0
24619,0
4947,1
6034,0
7620,0
33920,0
19556,0
9690,0
39875,0
43688,0
37056,1
34999,1
26733,1
175,1
18288,0
25676,1
36177,1
1539,0
35061,0
1364,1
37126,1
21645,0
18505,1
18909,0
681,0
13051,0
42482,0
36433,1
33277,0
32935,0
13690,1
407,0
25583,1
19457,1
23750,1
1915,0
7264,1
20239,1
20584,0
29784,1
29567,1
10729,1
33873,1
12068,1
2611,0
38079,1
44751,1
31846,0
11109,0
11157,0
32921,1
13423,0
22964,1
22064,1
28484,0
2833,0
27129,1
41275,0
3552,1
42023,0
43316,0
12542,0
31487,1
30882,0
37307,1
3274,1
10015,1
15089,1
18376,0
43890,1
24886,1
28885,0
5142,1
27128,0
20196,1
30582,0
43521,1
36219,0
20976,1
23737,1
16590,0
30107,0
25712,0
23065,0
13157,1
35518,1
41550,0
22413,1
26565,0
19625,0
44775,1
20467,1
19494,1
12252,1
10180,1
22319,1
43854,1
38579,0
38403,0
11581,0
19541,0
22919,0
34149,1
38214,0
14902,0
25276,0
3833,0
32253,0
37545,0
37045,0
37727,1
44568,1
23156,0
7416,1
36021,1
6615,1
27057,1
16674,0
19460,1
12266,1
10776,1
19992,0
15524,0
30909,0
14271,0
25967,0
15043,0
35237,0
16655,1
31556,1
20955,1
28153,0
13870,0
16999,0
28784,0
27795,0
39465,1
20701,1
35949,0
8276,0
9066,0
2180,0
4558,1
7813,0
39066,0
23855,0
14535,0
33468,1
1133,0
10522,0
22627,1
2872,1
12997,1
19165,0
26537,0
34541,1
21905,1
25793,1
34682,1
41901,1
9257,1
12603,0
29962,0
32599,0
30100,1
24730,1
15418,1
1106,1
17077,1
10196,1
4957,0
41076,0
19150,1
20314,0
20059,1
3697,0
40547,1
33397,1
35220,0
41397,0
43777,1
20209,1
27229,0
20128,0
2177,1
25243,0
19703,1
40696,1
23817,1
2788,1
12298,0
1197,0
18061,0
20332,0
40387,0
37213,0
15515,0
44612,1
42557,0
5723,0
9136,1
43233,0
18754,0
4968,1
18602,0
24533,0
19711,0
36778,1
15516,0
3584,0
44760,1
18021,0
22602,1
18853,1
12425,0
27692,1
41046,1
22358,0
28248,1
36436,1
31313,0
21543,0
23361,0
10212,1
36192,0
10718,1
8200,1
18794,1
19597,1
43333,1
5367,1
2896,1
24821,0
14123,0
29291,1
34065,1
28002,0
3643,1
41784,0
33651,0
43121,0
30874,1
31031,1
38871,0
44453,0
41317,0
21643,0
5452,0
23545,1
10686,0
15450,1
7867,0
30528,1
31280,1
44924,1
12868,1
28329,1
13980,1
26957,0
6475,1
28400,0
24273,1
27809,1
8812,0
27883,1
493,0
11692,0
1117,0
38406,0
37854,1
30723,1
1758,0
41773,1
31434,1
39122,0
22974,1
43954,0
27077,0
44983,1
21626,1
36413,1
19168,0
27046,0
11186,1
34465,1
35064,1
5940,1
43860,0
11034,1
36082,0
14825,0
24735,1
41831,1
9916,1
23990,0
32984,1
23092,1
32431,0
33841,1
8683,0
7007,1
13380,0
22795,1
32083,1
42021,0
31227,0
32794,1
11705,0
7660,0
38459,0
44119,0
12722,1
9172,1
26424,0
11909,0
33399,0
24969,0
21608,1
39383,1
38012,0
33871,0
31132,0
21730,1
27234,0
2205,1
28573,0
24771,1
11309,0
13768,1
28152,0
27607,0
23304,0
4427,1
20937,0
20964,1
33488,1
6156,0
20094,0
4026,0
40993,1
29337,0
17909,1
30432,1
20448,0
28039,0
15494,0
30117,0
5819,0
32246,0
3867,1
2746,1
11868,1
10705,0
11951,1
19612,1
36983,1
20308,1
26854,1
15194,0
19644,0
1402,1
31129,1
12829,1
24088,0
36022,0
43428,1
34927,0
41347,0
24473,1
17059,0
31882,0
37262,1
39780,0
41684,0
36610,1
18200,0
20133,0
28173,1
2101,1
34442,1
10294,0
4214,1
26673,0
7481,1
14563,0
41520,1
8548,1
16924,1
19605,1
23555,0
30500,1
44496,1
18136,0
20361,1
18157,0
10861,1
27748,1
34774,1
30155,0
20809,1
44830,1
15888,1
15234,0
26655,0
24973,1
27365,0
2258,1
13325,1
20457,1
38343,1
9084,1
5356,1
38862,1
40704,0
22162,0
1520,0
1379,0
22057,0
25600,0
18972,0
15207,1
22006,1
17509,1
1317,1
5843,0
39891,0
16212,1
12821,1
5833,0
9822,1
28100,1
33291,1
24428,1
29797,0
15373,1
33003,1
12181,0
20181,0
28695,1
6319,0
23479,1
26587,1
34717,0
39130,1
44337,1
32442,1
43976,1
2225,0
25683,0
25395,1
16210,0
31332,1
5572,1
37292,1
5794,1
43872,1
5739,0
19009,1
37497,0
40587,0
5277,1
15276,1
35206,1
22441,1
14088,1
27991,0
22737,1
26918,1
3168,0
31898,0
23546,1
24143,0
14028,1
7017,0
42330,0
37714,1
15650,0
12238,0
38815,0
28279,0
9228,0
5586,0
5591,1
33997,1
18692,0
31567,1
14744,1
8245,1
16238,0
39324,1
44321,0
15374,1
12146,0
160,0
25236,1
1590,1
24036,0
15370,1
38334,1
23072,1
7191,0
16567,0
10577,1
30751,1
23865,1
34325,0
35597,0
33205,1
22174,1
15593,1
44634,1
28455,1
23783,1
35549,0
36470,1
38455,0
4728,1
17623,1
2952,0
35324,0
30623,0
10351,0
39234,1
40124,0
15718,1
40592,0
24298,1
12450,1
43336,1
15272,1
5186,1
22032,1
8550,0
38011,1
18515,0
28221,0
2093,1
21794,0
10208,1
32956,0
24323,1
19811,0
1099,1
1382,1
44398,1
8606,1
21282,0
11529,1
28183,0
15039,0
10434,0
29219,1
42575,0
41217,0
11391,0
41161,1
7296,1
8069,0
12936,1
20621,1
9765,0
32793,0
3364,1
1089,0
12867,1
10887,1
11591,1
44062,1
19226,1
10504,1
12307,0
27811,0
20537,1
15907,1
11945,1
39106,0
17612,1
277,0
12414,1
26944,1
22314,0
19338,0
36675,1
21163,1
5846,1
36189,0
27104,0
33906,0
24567,0
26911,0
24046,0
25519,1
2491,1
21827,0
40511,1
14483,1
36704,0
15073,1
2385,0
8017,0
39853,1
16500,0
34632,0
19504,0
33133,0
28399,0
42084,0
41924,0
18355,0
21084,1
28754,1
3803,1
30387,0
36305,0
36594,1
39411,1
43447,1
12992,0
20879,1
42095,1
13528,0
28065,1
7270,0
38116,0
40698,0
12983,1
7167,1
12870,0
29536,1
38636,1
37530,1
883,1
32273,0
13894,1
29690,0
558,0
1961,1
1208,0
25553,1
7685,1
16860,0
26087,0
28309,0
10486,0
19596,1
3631,1
1709,1
26422,0
24843,0
1141,0
38976,1
10239,0
26486,1
35429,0
25233,1
14853,1
1308,0
18952,0
12453,1
19219,1
39674,0
9430,0
34920,1
20220,0
19555,1
42887,1
13284,0
26763,0
37773,0
15997,0
25880,0
30655,1
34396,1
19841,0
9715,0
359,0
139,1
8492,0
26133,0
16767,1
341,1
4858,0
9570,0
10583,0
5499,1
21301,0
8557,0
10914,0
1933,1
2353,1
15849,0
3237,0
27717,1
39920,1
36576,1
34705,1
5620,1
14974,1
20539,1
25373,1
18801,1
6345,0
6140,0
786,0
30404,1
23174,0
27735,1
31779,1
8037,0
8316,1
6314,0
22053,0
18557,0
2170,1
14139,0
18694,1
26418,0
11827,0
25834,0
6592,1
37227,1
7598,1
24324,0
4653,0
28227,1
33211,1
19800,1
7070,1
43104,1
42393,1
5745,0
17439,1
29505,0
26040,0
11952,1
930,1
44069,0
22853,1
8768,1
11121,0
28798,0
11739,0
2012,1
17298,0
40380,1
42192,0
18991,0
27841,0
21313,1
26168,1
39333,0
44488,0
16391,0
11173,1
40604,0
22968,1
36130,0
44288,0
18020,0
1142,0
10234,0
15435,0
16744,1
3135,0
39759,1
42956,0
18627,0
17859,1
34592,0
28012,1
36028,1
10214,0
36789,1
43681,1
24951,0
36269,1
35427,0
17515,0
13750,0
10517,0
34588,1
7462,0
38393,0
42822,1
39833,0
9343,0
12337,1
37438,1
9429,1
38245,1
43604,1
1999,1
24365,1
34625,0
2283,1
28940,1
28670,1
13393,0
22786,0
6440,1
27998,1
6032,1
33155,0
30374,0
34397,1
11778,0
19540,1
17155,0
40487,0
40313,1
11382,1
4659,1
12498,1
9102,0
10059,0
34611,0
20585,1
36637,0
37823,1
5890,0
14377,1
19087,1
24307,0
16716,1
36577,1
29809,0
42813,1
33704,1
10652,1
34543,0
32403,0
16978,1
24996,0
3745,1
17374,1
38212,1
43047,1
23378,1
1876,0
22191,1
3761,0
43520,0
35821,1
13655,1
13147,0
37384,0
15813,0
3322,1
42893,0
22433,1
3312,1
42310,1
12744,0
8211,1
17741,1
21387,1
16019,1
34286,1
15115,0
22208,1
4493,1
22055,0
3113,1
35635,0
33624,1
43171,0
4913,0
5464,1
22761,1
27006,1
5483,0
31338,0
12606,0
43045,1
3829,0
16725,0
30503,1
37466,0
37756,0
29076,1
37419,0
17544,1
17710,1
21181,1
6797,1
5809,1
30520,0
17840,0
5411,1
8334,1
30120,0
29539,1
2801,1
10333,1
24001,0
29034,0
19836,1
40584,1
4379,0
41690,0
28934,1
21260,1
6717,0
26513,0
28370,0
2262,1
40198,0
20390,1
32328,0
11191,0
17570,0
34776,0
194,1
44657,1
8771,0
30796,1
21910,0
33540,0
31260,0
17863,0
18231,1
28804,0
12467,0
30484,1
24371,0
14869,0
14568,0
16790,1
44495,0
26650,1
6318,0
6582,0
26956,1
34216,0
32175,0
33111,1
23853,1
20962,1
9169,1
25635,1
30601,0
19901,1
7369,0
2045,0
7157,0
16289,1
7852,1
13616,0
30463,1
1493,1
43033,1
779,1
9886,0
31601,0
9278,1
35293,0
23568,1
21175,1
5375,0
24174,0
40573,0
16233,1
14850,0
8260,1
32763,0
5828,0
32809,1
26958,1
32699,1
11241,1
29493,1
11640,1
6817,1
31656,1
14141,0
34229,1
4494,1
13075,0
29305,1
13687,0
13948,0
11003,1
7231,0
28366,1
10413,0
5076,0
24265,0
21779,1
19331,1
43200,0
4089,0
18352,1
34519,1
4250,0
23384,0
8473,1
8788,1
22011,1
12110,1
6143,1
38430,0
15038,1
9032,0
20981,1
2660,0
142,1
2598,1
6702,0
15224,0
17762,1
2455,1
22747,1
7419,1
21126,1
10450,0
29517,0
42641,1
23953,0
16844,0
8180,0
28277,1
9529,0
6371,1
37397,0
22425,1
33210,0
9795,1
25216,1
41815,0
36599,1
44330,1
28796,1
38548,1
39113,1
10694,1
1959,1
156,1
10488,0
43286,0
37347,1
1090,1
22434,0
27517,0
12577,0
9123,1
32603,0
40719,1
11102,1
18059,0
6981,1
6417,1
16022,1
41856,1
11440,0
18711,0
39865,1
33867,1
5434,0
43305,1
13231,0
6451,1
18100,1
25557,0
30113,0
24766,0
25818,0
20216,1
36117,0
4080,1
41946,0
44279,0
588,1
9347,0
42448,0
44474,0
26476,0
21954,1
30091,1
16300,0
30931,0
646,0
30130,1
9588,1
32221,1
11740,1
15037,0
32995,0
23173,0
24218,1
26516,0
36633,1
26820,1
9753,0
8005,0
16155,0
20096,1
8439,1
26171,0
1530,0
1126,1
33692,0
1284,1
31853,1
43881,0
39952,0
15150,0
2592,0
5907,1
11206,1
39902,1
2308,0
25189,1
20075,0
17072,0
33381,0
23552,0
19585,0
6630,0
4136,1
1899,0
13938,1
283,1
259,0
11117,0
6531,0
37712,1
19207,0
14722,1
11532,0
19910,0
29140,1
6972,1
13522,0
37992,1
2286,1
22448,1
40847,1
21039,1
21385,0
6711,0
44257,1
10404,0
21801,0
33244,1
6412,0
2552,1
29451,1
6853,0
32659,1
38315,1
13490,1
23129,1
26391,1
21254,0
18659,0
41972,1
23649,1
25644,0
20355,1
13566,0
22264,1
16281,1
34882,1
29119,1
39962,1
18490,1
6824,1
27625,0
782,0
14940,0
18134,1
30799,1
30933,1
10984,1
6520,1
5775,1
30934,1
13172,0
30574,1
9284,0
9370,0
12820,1
18709,1
37824,0
10801,0
43893,1
1728,1
16995,0
4667,1
30652,1
24488,1
8536,0
27734,0
3751,0
12925,1
12723,1
30576,0
11408,0
98,0
3138,1
14358,0
17922,0
13141,1
3649,1
12486,1
1634,0
21009,1
18475,1
23482,0
6172,1
7522,0
33341,0
32317,1
9880,1
43957,1
19447,1
33366,1
15353,1
23018,0
44371,0
24260,1
42659,0
7346,1
6305,0
42640,0
44385,0
16377,1
29056,0
22361,1
18323,0
43129,0
44223,0
34522,0
28229,0
18746,1
20645,1
5433,0
22670,0
42443,0
2540,0
11930,1
43328,0
41904,1
43643,0
1172,1
7928,0
14290,0
31359,1
32263,0
42800,0
36769,0
17074,1
15893,0
44072,0
18682,1
40786,1
2644,1
30315,0
5348,0
30509,0
41801,1
32973,0
7897,0
9834,1
34783,1
28048,1
32592,1
17016,1
8462,0
19676,1
34743,0
163,0
37767,1
42925,1
9558,1
27038,0
37482,1
9068,1
1432,1
15262,1
23253,1
13976,0
1620,0
7711,0
7737,1
37052,1
7532,1
17070,0
13494,1
3385,1
2840,1
29313,0
5106,1
15079,0
29310,1
19716,0
26202,0
25280,0
2097,1
22437,1
8000,0
29253,0
16371,1
5018,1
25123,0
17834,1
23285,1
18995,1
18285,1
24571,0
35526,1
32374,1
6398,0
28273,0
34866,1
8330,1
30269,1
41797,1
3472,0
14473,0
18510,0
30255,1
34502,1
18395,1
30448,1
34052,0
12449,0
10029,1
21622,0
33788,1
16185,1
9519,0
27387,1
25052,1
19195,0
1652,1
33599,1
33938,0
10721,1
6257,0
28855,1
5470,0
29412,0
16045,0
10259,1
13429,0
37862,0
21818,0
542,0
42093,0
12694,1
5998,1
3391,1
28732,1
14227,1
16030,1
44932,1
11006,0
36728,1
27524,0
6644,0
29751,1
23226,0
16088,0
3587,0
29198,0
36061,1
2564,1
27767,1
42479,1
37805,1
33849,1
38660,1
26662,1
14538,1
2024,1
13110,0
43859,1
7910,0
43545,0
23706,0
1014,0
18314,1
42004,0
38020,1
9597,1
34948,0
17082,1
23763,0
12088,0
5111,1
24287,1
34547,0
36752,1
15380,1
23929,1
40373,0
19874,0
13945,1
26833,1
35852,1
10806,1
19034,1
19364,0
37901,1
2160,0
31657,1
11330,0
25499,1
14043,0
14567,1
39214,0
36736,0
34197,0
3082,0
2521,0
43244,0
43432,1
38788,0
16833,1
25861,1
22657,1
36496,1
41322,1
22664,0
29807,0
36069,0
9497,1
39020,0
5927,0
29726,0
16407,0
18451,0
18038,1
8895,0
8707,1
1377,1
1725,1
27045,1
3755,1
29740,0
20568,0
36851,0
26063,1
24859,0
13058,0
19922,1
28445,1
23388,1
20715,1
28928,0
14572,1
29335,1
17031,0
23912,0
33070,1
14216,0
15998,1
39934,1
28045,0
42576,0
37644,1
10737,1
30842,1
12259,0
18545,1
33454,1
43641,1
11436,1
14292,1
2462,0
12276,1
27414,1
11890,1
39897,1
38715,0
4584,0
22169,0
26807,1
23954,1
16906,0
29922,0
43794,0
3984,1
39072,1
33549,0
17154,0
21992,0
5979,1
25228,1
20132,1
34965,0
44874,0
20670,1
12505,0
26190,1
6980,0
32126,0
11825,0
25539,0
31183,1
35145,0
17631,1
23889,1
39280,1
13280,0
28271,1
44057,1
5440,1
10760,0
39262,0
41733,1
29957,0
27066,1
28139,1
38279,0
38099,1
4532,0
9867,0
10143,1
28904,0
22805,0
16532,1
18053,1
11281,0
35480,0
24035,1
28083,0
7789,0
36225,0
28759,0
4941,0
41992,0
26725,0
22615,1
39852,1
30112,1
31187,1
25432,1
7100,0
8081,0
23473,0
42926,0
43357,1
27426,0
41675,0
25365,1
28672,0
20282,0
42933,1
23562,0
42081,0
6173,0
3632,0
39041,0
25001,1
33161,1
3192,1
32785,1
30912,1
19878,1
30621,0
26036,1
43230,1
14057,0
7395,0
21224,1
33362,0
28412,1
37488,0
25122,1
38596,0
10750,0
24346,1
29301,1
22421,1
4799,1
10635,1
4796,0
41425,1
164,1
672,0
44764,0
16053,1
24818,0
22741,0
30785,1
25477,0
5543,0
40762,1
24023,1
23178,0
7759,0
37606,1
6549,0
24283,0
4482,0
3717,1
10838,0
38909,0
9957,1
31175,0
34318,0
27606,1
26716,1
30875,1
31239,1
14819,0
33536,0
5694,1
32372,1
42469,0
15423,1
37286,0
12412,1
43963,0
42703,1
3293,1
41780,0
34172,1
1383,0
23313,0
34407,0
32004,0
41569,0
23292,1
31824,1
6407,0
9075,1
28142,0
28862,1
5449,1
29795,1
37847,1
25033,0
30159,0
26527,1
36619,1
39257,0
31498,1
13829,0
39923,0
6431,0
6611,1
27287,0
37948,1
20734,0
12331,1
18269,1
12678,1
35263,0
28180,0
33614,1
8735,1
11917,1
28764,0
11872,0
7968,0
23564,0
40109,1
31823,1
16921,0
17348,0
39906,1
35733,0
5773,0
23430,0
35299,0
11139,0
14717,0
8430,1
37686,0
31056,0
25710,1
31553,1
5902,1
8287,0
29985,1
8985,0
5657,0
28938,0
38676,1
7374,1
43714,1
6722,1
24227,1
12687,0
8265,0
40462,0
29620,0
31751,1
28496,1
8326,0
7630,1
11422,1
34595,0
21933,0
25170,1
12330,1
33329,0
31983,0
36876,0
24820,1
5436,0
4438,0
10383,1
24982,1
17827,1
24838,1
37175,1
36036,0
18074,0
42686,1
38068,1
18881,1
30683,1
35586,1
18793,0
22642,0
5783,0
16164,0
19170,1
9716,0
10700,1
44331,1
4896,1
26343,0
20422,1
13396,0
32917,0
16670,1
32377,1
18753,1
41324,0
26117,1
29302,0
37212,1
7447,1
33005,0
15902,0
34448,0
10755,0
39892,0
43944,0
29329,1
3084,1
33401,0
23198,1
35434,0
208,1
28983,1
25593,0
3375,0
10527,0
42829,1
30138,0
43221,1
32008,0
9687,1
19202,1
5250,0
32582,1
8534,1
40195,0
43390,1
40748,0
44120,0
34504,0
14485,0
4256,1
42959,1
2476,1
10757,0
5052,1
3714,1
6705,0
2473,0
37958,1
10107,0
31368,0
16457,0
14211,0
7844,1
12324,0
39533,0
25767,0
31008,0
10794,0
33894,0
17626,0
44719,0
29372,1
32497,0
42911,1
23165,0
32118,0
28483,0
4359,0
17728,1
33538,0
21401,0
7422,1
39421,1
27214,0
9161,1
26123,1
23712,1
40391,0
33756,0
27043,0
16015,1
2853,0
11696,1
41622,0
14997,0
17015,1
29345,0
17634,1
26161,1
42423,0
3041,1
16036,0
37779,0
146,1
23385,0
36042,1
31911,0
7228,0
36452,0
39576,0
34085,0
35994,1
44736,1
31402,1
9853,1
38521,1
10618,1
16394,0
37385,0
28553,1
44375,1
23254,0
34069,0
23670,0
15223,1
22669,1
44437,1
13674,0
42669,0
5496,1
21676,1
42369,0
34567,0
12150,0
42436,0
24612,1
6442,0
8637,0
24490,0
18744,1
23487,1
3655,0
7053,0
29735,0
34055,1
20830,1
34906,1
23172,0
12290,1
42642,0
43004,0
13468,0
6895,1
42653,0
36379,1
27118,1
28212,0
7152,0
6013,1
37651,0
13077,1
36915,0
8907,1
39311,1
21628,1
27765,1
4432,0
43075,0
33175,1
24597,1
39339,0
13179,0
26988,0
16174,0
26967,0
25520,0
8235,1
11564,0
27599,0
11557,1
16354,0
21637,0
32780,0
4761,0
1178,0
31349,1
26524,0
35632,1
6472,1
28442,0
22613,1
41987,0
12041,1
35758,1
25538,0
11208,0
39779,0
14438,0
22444,0
31011,1
28145,1
8928,1
17825,1
44728,1
31325,1
35644,1
12179,0
9109,0
34959,1
37575,1
27724,0
23617,0
3727,0
26201,0
41782,1
40958,0
1368,1
3713,1
38219,1
17773,0
25427,0
33769,1
31117,1
7762,1
36322,0
4115,1
26214,0
1668,1
29166,1
35942,1
25924,0
39883,0
489,1
19615,0
27209,1
6925,0
21593,0
7849,0
5705,1
40902,0
17088,0
37874,1
4034,1
36060,1
8126,1
26985,0
13381,0
42288,0
44610,0
13599,0
43234,1
43894,0
30660,0
37209,0
42824,1
29260,1
43701,0
44157,1
44324,1
24090,1
15505,1
28626,1
22474,1
15578,1
38007,0
43952,0
13670,1
40288,0
23197,0
42760,1
41975,0
42325,1
10226,1
4471,1
17276,0
1970,0
12596,0
32557,0
38526,1
22912,1
39063,0
12116,1
13606,1
40364,0
9111,1
3250,0
6571,1
6639,0
15399,1
23858,1
126,0
38139,0
1240,0
35058,0
41236,1
25612,1
33998,0
9201,1
29857,0
39749,0
37947,1
28405,1
10725,0
20678,0
1059,0
39031,1
15361,1
27421,1
282,1
25620,0
25893,0
969,0
16002,0
20338,0
34708,0
17659,1
620,1
18310,0
1743,0
17775,1
14136,1
26156,1
9848,1
36337,0
26929,0
26789,0
15564,0
6117,0
35947,1
19577,0
42268,1
6100,0
16960,0
23041,0
23500,0
13995,0
38664,1
6277,1
42241,1
43856,0
11084,0
5725,1
10832,0
16654,0
33398,1
39199,0
36143,1
12589,0
32420,1
20940,0
21928,0
13761,1
43007,0
2114,0
26617,1
35985,0
3815,1
41090,0
35924,0
35047,0
4600,0
32782,1
34415,0
29053,1
44012,0
35134,0
4649,0
26917,0
33143,1
22862,1
526,1
41900,1
11562,0
12766,1
23280,1
26724,0
19976,0
27491,0
19343,0
33298,1
21117,1
42230,0
17779,0
29427,0
12202,1
11172,1
26018,0
26959,0
12004,1
22016,0
31586,0
31861,1
25850,0
6564,1
4704,0
15283,0
39064,1
33724,1
39444,0
36222,1
25964,0
12804,0
8596,1
34840,0
957,0
7006,1
30028,1
33121,0
16310,1
39005,1
28707,1
8947,1
14026,0
44976,0
2921,0
37413,1
662,1
16083,1
39826,1
10182,1
20050,1
24364,1
26912,0
4791,0
2357,1
28381,1
18312,1
44635,0
20023,0
31891,1
26746,1
17651,0
13613,0
1561,0
10327,0
7180,1
15350,0
15314,0
36878,1
29546,0
21289,0
33283,0
33663,1
8602,0
16406,1
27962,1
44939,0
900,0
32976,0
33227,0
26631,1
35199,0
24827,0
13630,0
25684,1
3390,0
26290,0
36680,1
25292,1
33321,0
26016,0
39686,0
18441,0
1926,0
38851,1
44198,1
25004,0
9079,0
106,1
3042,0
16370,0
10362,0
32858,0
23399,0
15526,1
43202,0
23117,0
18334,0
27425,1
6369,1
22432,1
9128,1
8906,0
35489,1
30812,0
29782,0
8784,1
44803,1
39500,1
9769,1
3763,1
32982,0
30088,1
43665,1
41689,1
21805,0
6155,1
26144,0
41126,1
17774,1
29010,0
30016,1
26590,0
36936,0
20173,0
29760,1
16968,1
35202,1
5110,0
9209,1
43824,0
8713,1
34532,0
13548,0
28542,0
11537,1
3225,0
527,0
15252,0
5656,0
41653,0
38828,0
17344,1
39111,1
30708,0
20018,1
17435,1
8783,0
8712,0
3381,0
36445,1
5777,0
39342,1
21564,0
34376,1
19995,0
18640,0
23020,1
44998,1
26386,1
17176,1
41753,1
19441,1
26432,0
1981,1
11426,0
19983,0
12858,1
7425,0
5627,1
32197,1
34451,0
28603,0
16336,1
39215,1
33757,0
32348,0
28088,0
22043,0
11723,1
3094,1
13262,1
23412,1
17483,0
10397,0
35613,1
41847,1
3343,1
16423,1
32233,1
6541,1
23651,1
14289,1
36125,1
13026,0
26030,1
11746,0
43810,0
29242,1
27083,1
27571,0
31599,0
7814,1
21511,0
27084,1
35197,1
21428,1
21731,0
25339,0
11940,1
21196,0
24861,0
37568,0
23822,0
2354,0
11384,0
20954,0
9078,1
8074,0
14860,0
7492,0
44192,0
7060,0
13508,0
16662,0
5085,0
26661,1
25822,0
35151,0
33340,0
1436,0
13282,1
42208,1
21737,1
29258,1
10707,1
5446,1
1008,1
31576,1
37312,1
12988,1
7010,1
31967,1
34833,1
1137,1
9883,1
30221,1
21728,0
10178,1
33063,0
26124,1
26589,1
18788,0
26706,1
36767,0
42535,0
36510,0
11701,1
22891,1
2720,1
40330,0
12714,0
2809,1
9018,1
22535,1
2470,1
3739,1
20671,0
26293,0
32089,0
33131,1
39693,0
18089,0
31291,0
2140,0
19624,0
7315,1
20696,0
34081,1
26573,1
6184,1
30562,1
11304,1
1592,0
44323,0
18547,1
2397,1
9517,1
38002,0
21453,1
20421,0
41756,1
3021,0
9904,1
40997,0
29126,1
41874,0
5296,0
3973,0
21755,0
14664,0
4134,0
33743,0
40060,1
25560,1
15586,1
42521,1
29193,1
28842,0
25932,0
23266,0
37785,0
17603,0
32285,1
23875,1
18025,1
17675,1
17765,0
34702,0
37444,0
10223,1
33661,0
7288,1
7907,0
28832,0
24579,1
26686,0
25426,0
18851,1
7658,0
42875,1
26173,0
30449,0
18298,0
11363,0
727,0
7215,0
8246,0
15877,0
14200,1
43514,1
27377,0
17321,0
40043,1
11594,0
34158,0
36333,1
41845,0
38198,0
15935,1
14900,0
24263,0
14562,1
34637,0
29758,1
40971,0
807,0
37574,1
32124,1
41899,0
44056,1
44954,1
43195,0
31884,0
9156,0
23896,1
15153,1
4495,1
35401,1
43758,0
25281,1
40601,0
32914,1
34802,0
32414,0
24952,0
33934,1
2051,0
20145,0
32734,1
10817,0
12677,1
3431,1
24575,0
39838,0
37130,1
10617,0
18156,1
19896,1
33040,1
12985,0
8437,1
29630,0
44750,0
41774,0
44645,0
30587,1
3811,0
13920,1
29970,1
27789,0
9997,1
29431,1
37115,0
546,1
8503,1
15230,1
9324,1
13738,0
28688,1
27346,1
7565,1
15318,1
6641,0
28536,1
40999,0
12652,1
23511,0
20663,0
31706,0
2984,0
29867,0
16515,1
13410,1
30908,1
35436,0
9375,1
24078,0
21777,0
615,1
17851,1
37266,0
19427,0
25511,1
36063,1
6738,1
34269,1
29399,0
41787,1
17906,1
44014,1
15024,0
11123,0
4233,0
24071,0
8821,1
37199,0
16775,1
28922,1
19542,1
22298,1
12183,0
41361,0
4807,0
29712,1
43819,1
27936,1
25065,1
11919,1
15897,0
5320,1
39888,0
2422,1
1751,1
11345,0
12255,0
44699,1
339,1
24792,1
1342,1
44506,0
28471,1
36409,0
21521,1
35773,0
6961,0
4091,1
26213,0
23052,1
23394,0
20582,1
19934,0
9651,1
41132,1
20588,0
34021,0
28146,0
24355,0
13351,1
18024,0
9131,1
61,0
34009,1
37905,1
35112,1
15049,1
34889,0
1525,0
40386,1
32922,0
482,0
38891,1
24059,0
12113,0
15851,0
31988,1
1763,0
8943,1
40484,0
21793,0
23864,0
29078,1
4854,1
2712,0
23151,1
28770,0
31464,1
11047,1
24763,0
25713,0
6820,0
24064,0
13082,1
21875,1
11556,1
21173,0
19251,0
38710,1
35836,0
43939,1
36398,1
29374,1
24028,1
35797,1
35738,0
11665,0
27530,0
8647,1
30988,1
4264,1
29403,1
17030,0
15647,0
40761,1
16726,1
40810,1
1623,0
12876,0
31897,0
22181,1
39953,1
44259,0
31654,1
38244,0
26666,1
31890,0
16459,1
8997,0
11373,0
41402,0
17686,0
23753,0
34073,0
41197,1
36802,1
35368,1
12809,0
2574,0
27857,1
35955,0
28530,0
37600,0
20608,0
24558,0
2107,1
19064,1
29976,1
17772,1
7084,1
1280,0
13222,0
33573,0
14597,0
11383,1
37335,1
29379,1
44652,0
15359,1
37610,0
19979,1
22420,1
23237,0
42881,0
8706,1
31420,1
13860,0
41875,1
36221,1
20080,0
2199,1
16033,0
4426,1
6151,0
17328,1
823,0
21390,1
41125,0
12176,1
18923,1
9504,1
31822,1
21592,1
44467,1
7971,1
13576,1
35823,1
20060,0
24161,0
39987,1
6723,0
3301,1
19695,1
31481,0
8520,1
10683,1
30679,0
10999,0
44780,1
19847,0
26400,0
40412,1
16439,0
10094,0
34250,1
37642,0
13088,0
40807,1
12343,1
25523,1
38566,0
11486,1
26738,1
38001,0
6646,1
28866,1
38259,1
33537,1
18450,0
23571,1
28072,1
7312,0
24862,1
42461,0
20909,0
27953,0
2718,1
2080,0
27966,0
33720,0
24443,1
2483,1
26839,1
41950,1
1760,1
9985,1
20807,1
9917,0
21567,0
31196,0
24918,0
37012,1
19817,0
4945,0
27697,0
38357,0
16242,1
10396,1
19098,1
4758,0
28735,1
37149,0
22360,1
19957,1
5300,1
1991,1
13491,1
4972,0
44708,1
6784,0
36369,0
8667,0
8071,0
8578,0
7974,1
43083,1
34394,1
25151,1
40739,0
13225,1
32410,1
36981,0
39225,0
31881,1
9525,1
11695,0
2709,1
39283,1
37431,1
34623,1
35841,0
19257,0
1646,0
36186,1
36245,1
22117,1
11054,1
34561,1
13719,0
3798,1
3369,1
39965,0
20531,1
41564,0
27633,0
127,0
38728,0
15344,0
37220,1
39916,0
19916,0
27307,1
33596,1
26216,0
15329,1
17369,1
7784,0
10381,0
10458,1
2444,0
24939,0
10542,1
815,0
13000,0
43962,0
43880,0
14154,0
12299,1
5780,1
34885,0
33562,1
10148,0
39667,0
35443,0
16479,0
20610,0
3757,1
35660,1
18756,0
14383,1
20104,0
35997,1
40632,0
6360,1
44117,0
29487,0
23711,1
43873,1
37381,0
32266,1
19030,0
2244,1
38142,1
2337,0
17335,1
32155,1
1121,0
32185,1
10790,0
33188,0
923,0
9447,0
25054,0
5409,1
5789,0
15375,0
21952,1
31274,1
24520,1
17587,0
31111,0
27203,0
41158,1
1971,0
11303,1
4019,0
26728,1
36456,0
18382,0
11247,0
34017,1
2193,1
19097,0
9185,0
18575,0
37439,1
21527,0
5985,0
6566,0
7805,0
11955,1
39712,1
28174,0
29288,0
9511,1
43304,1
18521,0
17450,1
14061,1
16985,0
20612,1
40346,1
78,0
23931,0
19283,1
15525,0
21205,1
23326,0
30524,1
41833,0
8008,1
21853,1
5952,1
43926,0
36160,0
5416,1
8163,1
19020,0
5257,0
36299,0
8568,0
1909,0
42930,0
236,1
12220,0
31038,1
17989,0
40753,0
42079,1
28254,1
36259,0
26615,1
32294,1
14232,1
27535,1
19217,0
43337,1
1343,0
8513,0
34388,0
5288,0
39810,1
2220,1
9866,0
22423,0
16645,0
44303,0
20129,1
39757,0
32255,1
20619,0
1918,0
1829,0
42534,0
12942,1
39002,1
2049,1
39052,0
36977,0
26387,1
42102,1
30106,0
6470,0
32044,1
44355,0
13704,0
10955,1
847,0
38329,1
13235,0
18936,1
118,0
41606,1
22351,1
28747,1
14044,1
41428,0
16390,0
38111,1
9112,0
10788,0
4325,0
35359,0
24819,0
13047,1
27447,1
20120,1
13919,1
10590,0
11614,0
27140,1
6768,0
5623,0
1606,1
26901,0
27286,1
28025,1
3813,0
17261,0
10555,1
10168,1
34530,0
19124,1
35241,1
15914,1
6739,0
23276,1
15729,0
12200,1
7944,0
12911,1
14370,0
26070,0
6372,0
26735,1
16617,1
8259,1
7562,0
42564,1
6169,0
3597,1
39057,0
4633,0
6230,0
29927,1
44432,1
44382,1
10268,0
38519,0
8153,1
35855,1
34675,1
39651,0
23334,0
40442,0
40941,0
1532,0
38639,1
19182,0
17303,0
18031,0
5123,0
5127,0
15035,1
4622,0
39578,0
16749,0
2126,1
8151,1
28700,1
8718,0
56,1
17023,0
303,0
22196,1
14179,0
13569,0
29722,0
4433,1
19263,0
10479,0
43222,1
5241,0
22575,0
10489,1
23322,0
23625,0
16283,0
26330,0
42929,0
27694,1
18778,1
16908,1
39145,1
39750,0
13717,0
23062,0
36669,0
37546,0
21970,1
21509,1
23955,0
11315,0
28733,0
10162,1
4189,0
33435,0
36035,0
18272,1
41241,0
42680,1
24072,1
22416,1
11638,1
6091,1
6239,1
15184,0
40119,0
24215,0
17145,1
6255,0
12016,1
36587,1
39038,1
4301,0
5570,1
14389,1
7942,0
27170,0
36933,1
19964,1
21834,0
19857,0
39812,0
37661,1
43089,0
4855,0
4638,0
42319,1
31704,0
28921,0
17716,0
10210,0
23387,0
25935,1
6942,1
8018,1
42290,0
6950,1
39650,1
13052,1
15782,0
26699,0
37442,1
12174,1
39765,0
1253,0
44239,1
15255,0
19759,1
19199,0
22929,1
42809,1
37627,0
24286,1
41349,1
8428,1
42945,0
37132,0
32050,0
28539,1
43126,0
14490,1
7240,1
36188,0
26658,0
42784,1
37745,1
4545,0
21950,0
17101,0
34817,1
38766,1
13457,1
32202,1
4810,1
10917,0
3637,0
23525,1
23575,1
15107,0
38758,0
9861,0
44928,0
18385,1
12764,0
29190,1
40944,0
405,0
385,0
8703,1
40035,1
10345,0
18018,1
20385,1
21169,0
6939,0
6971,1
20310,1
4159,1
23834,0
8416,0
34962,1
27713,0
1016,0
37893,1
29549,1
23794,0
19256,0
10,1
10137,0
4805,0
5714,1
34350,1
27533,0
17309,0
31472,0
35548,1
13217,0
38089,0
40081,1
38811,1
20160,0
4836,1
37733,1
27356,0
33308,1
31922,1
40252,0
19130,1
36488,0
9338,0
29704,1
668,1
23960,1
24934,0
21448,1
11024,0
10976,1
34122,1
13324,1
7115,0
24505,1
41431,1
19088,0
3331,0
40822,1
42357,1
38414,1
17641,0
6191,0
13844,0
30355,0
25827,1
21733,0
11004,0
27861,0
27510,1
20560,1
37679,0
34621,0
22701,1
36396,1
2106,1
37798,1
17313,1
33592,1
23961,1
28017,1
34300,0
33983,0
505,0
14684,0
42957,0
39299,0
42919,1
42345,1
25471,0
13117,0
30356,1
3710,1
44559,1
21234,0
4749,1
20653,0
15486,0
28711,1
28179,1
25290,0
26791,1
38070,1
6589,0
34579,1
19871,0
23804,0
35910,1
25732,0
1325,0
37081,1
40263,1
26257,1
41460,0
17750,0
26433,1
42349,0
13808,1
28296,1
26963,0
22557,1
17925,0
19066,0
23323,1
27570,0
39082,1
21678,0
1543,0
44262,0
11517,1
7057,0
35308,1
17338,0
23626,0
6732,1
37615,1
6802,1
24395,1
37099,1
8925,0
38103,0
23715,1
9349,0
37498,0
22926,0
11175,1
21690,0
21546,0
24245,0
18541,1
1063,0
27193,0
1168,1
40420,1
21973,0
11131,0
31668,1
23577,1
37260,1
21365,1
8336,1
5487,1
32308,1
17102,0
35271,1
4361,1
36940,0
24467,1
44741,1
16780,0
13924,1
39955,0
699,0
729,0
41556,0
14398,1
21353,0
2915,0
43287,1
5645,0
20151,0
36209,0
32480,0
7358,1
23191,0
34912,1
5105,1
37842,0
17956,0
20464,0
17507,0
35736,1
18889,1
38757,1
44426,0
27385,1
23549,0
33497,0
40356,0
7544,0
413,0
11339,1
26093,1
38514,0
24053,1
17210,0
3268,0
20359,0
41577,1
418,0
11262,0
9818,1
15306,1
23133,1
25352,0
28762,0
27473,1
27351,0
34851,1
27123,1
31997,0
12162,0
3374,1
38495,1
20492,1
43405,1
20765,0
24108,1
17451,1
3914,1
38305,0
32321,0
40771,1
38156,0
28075,0
35507,0
5053,1
4001,1
26145,0
35196,1
11939,1
6834,0
18072,0
852,1
22688,0
25472,1
29169,1
30978,0
38647,1
27664,1
4612,0
16365,0
9541,0
41976,1
9824,0
35258,0
23290,0
40159,0
2850,1
31844,1
32581,0
14070,1
23050,0
38650,0
26647,1
37221,1
26212,0
29223,0
35248,1
43226,0
43920,1
29900,0
44692,0
13246,1
30446,1
13297,1
44079,1
9436,1
27933,1
19129,1
7254,0
13285,0
3507,0
1680,1
19532,1
8131,1
16965,0
9663,1
29376,1
13501,0
3344,1
20057,0
5238,0
7806,1
16897,1
29306,1
1082,0
9205,0
34700,0
23945,1
1151,1
5950,1
8309,1
32218,0
25317,0
25946,0
37946,0
28252,1
14099,1
17215,1
8312,0
21137,0
26259,1
18078,1
17020,0
37234,1
28941,0
39568,0
7988,0
7080,1
39735,1
15203,0
4143,1
32094,0
877,0
21700,0
21607,0
3052,1
19509,0
14600,0
27237,1
2492,0
15339,0
29750,1
4778,1
42676,1
31025,0
31290,1
22678,1
28313,0
33622,0
10967,0
13122,0
32098,0
13404,1
22387,1
25548,1
10894,0
4496,0
40942,0
6656,1
12040,1
2369,0
4781,1
24377,0
22010,1
23356,1
8717,1
10648,0
29593,1
38755,1
19191,0
5802,1
39975,0
40112,0
12534,0
40329,0
40865,0
27752,1
785,0
34178,0
10730,0
16539,0
35778,1
18071,0
11094,1
4015,0
7456,1
36632,0
34664,0
38211,1
570,0
23094,1
32746,0
34585,1
26642,0
19779,0
6103,1
35744,0
10493,0
191,0
700,0
302,0
31217,0
3421,1
18712,1
33829,1
32636,0
43526,1
36213,0
17454,0
43485,0
18590,0
8209,1
40448,0
44081,1
37411,0
9008,1
40765,1
27644,1
29125,1
5601,1
41920,1
39791,0
32353,1
30747,0
19739,1
5896,0
10678,1
8755,1
3437,0
14374,1
6894,1
17430,1
19831,0
40819,1
41915,0
4556,1
44065,1
4736,0
20881,1
33987,1
22400,0
3988,1
21296,0
25877,0
23329,0
38468,1
24737,0
28644,0
2870,1
11970,0
21358,1
2962,1
2201,1
16483,1
38361,0
2558,0
42406,0
5540,0
32712,0
12875,1
29300,0
12184,0
6296,0
4500,1
1155,1
15152,0
42643,1
7401,0
43017,0
7159,1
29856,1
20933,0
38192,0
31617,1
2050,0
11836,1
16372,0
41977,1
25200,0
31066,0
16647,1
30307,0
20446,0
21919,1
39385,0
8121,0
8156,0
1803,1
37505,1
11112,1
35154,0
23079,0
5760,0
18344,0
19361,1
8681,0
18228,0
1735,0
2912,1
11412,0
41107,0
30207,0
34755,0
6547,0
2812,1
26371,0
15709,0
44358,0
20667,0
42108,0
27849,0
25185,0
22672,0
15088,0
44543,0
34699,1
23510,1
198,1
40546,1
40773,0
2328,1
37158,1
25343,0
12689,1
44216,1
32971,0
4932,0
21920,0
26310,1
38560,1
21557,0
7393,0
38624,1
24549,0
855,1
37506,0
28674,0
26737,1
27729,0
20081,0
1637,0
23665,1
23939,0
44418,0
17676,0
39354,0
3305,0
30304,0
28022,1
7995,1
34767,0
664,1
13546,1
32563,0
31969,1
3749,1
29321,1
5531,1
21960,1
40295,1
9475,1
27252,1
6777,0
1307,0
30081,1
23777,1
44263,0
21977,1
15708,1
10231,0
26106,0
18048,0
21835,1
42942,1
25940,0
3628,0
29724,1
29468,0
2694,1
44021,1
42558,0
43690,0
43586,1
22300,0
27891,0
9915,0
16199,0
33828,1
1679,1
6375,1
40343,1
14821,0
18142,0
22404,1
41524,1
23420,0
22362,1
21519,1
207,0
25447,1
6911,0
33271,0
17413,1
27267,0
13774,1
8111,0
32483,1
5057,1
42531,1
24539,0
10966,0
19116,1
30819,0
14040,1
11838,1
35223,0
23600,1
13068,0
30536,1
8393,0
22663,1
38953,1
26855,0
3562,1
38661,1
12667,0
13987,1
33160,0
39505,1
22003,0
5259,1
2696,1
2028,1
2569,0
40775,0
38045,0
39977,0
8572,1
39100,1
21244,0
12186,0
21272,0
9269,1
17263,0
8530,0
24301,1
23248,1
24277,0
24254,1
1017,0
25852,1
40398,0
29128,0
11535,0
32607,0
33764,1
26558,1
37066,1
162,1
5676,0
6874,0
9693,1
40758,1
13418,1
43574,1
11654,1
1022,0
19458,0
23940,0
3944,1
1586,1
26532,1
35921,1
14542,0
40995,0
17160,1
23484,0
2613,0
23898,1
11017,1
43002,1
8434,1
43022,1
43324,1
8793,0
10628,0
21778,1
14503,0
30741,1
41607,1
3891,1
3557,1
11395,0
31552,1
1268,0
1900,1
35774,1
19119,1
190,0
2748,1
18432,1
18943,1
25659,0
41435,0
27481,0
6397,1
28694,0
19770,1
17569,0
39189,0
37820,1
5312,0
2434,1
770,1
1686,0
41091,1
16024,1
44132,0
21963,0
37195,1
16851,0
6266,1
11285,1
44733,0
38159,0
861,0
15796,0
