ID,pred
7991,Poor
31470,Good
27345,Good
7509,Poor
61999,Poor
21933,Good
39964,Poor
44470,Poor
23433,Good
80735,Poor
66471,Poor
37044,Poor
8311,Good
56532,Poor
30447,Good
39677,Good
86040,Poor
29754,Poor
30926,Poor
80520,Good
79021,Good
7353,Good
29853,Poor
5822,Poor
91963,Poor
46782,Good
37740,Good
10860,Poor
54135,Good
87281,Poor
58145,Poor
3541,Poor
38044,Good
63612,Poor
83730,Good
79056,Good
57659,Poor
77589,Poor
40240,Poor
50574,Good
69029,Poor
42668,Poor
30832,Poor
35326,Good
40660,Poor
45675,Poor
76725,Good
31626,Poor
43894,Good
59077,Poor
46418,Good
9,Poor
37192,Poor
62849,Poor
5021,Poor
26710,Poor
93500,Good
48672,Good
10292,Good
96711,Good
1840,Good
85013,Poor
55699,Good
12167,Poor
96345,Poor
98985,Good
65124,Poor
2762,Good
87439,Good
14035,Poor
81768,Good
5483,Good
32293,Good
43838,Poor
96958,Good
76461,Poor
18817,Poor
15648,Poor
85017,Good
66112,Good
65425,Poor
57389,Poor
33579,Good
85025,Good
7938,Poor
58370,Good
65106,Good
45015,Poor
90413,Good
11782,Poor
10409,Poor
14975,Good
62961,Good
78138,Poor
97293,Good
81606,Good
67735,Poor
39129,Good
28771,Poor
50153,Good
72202,Poor
68488,Poor
95828,Poor
48923,Poor
52167,Poor
98081,Poor
16574,Poor
92873,Poor
83832,Good
36431,Good
68241,Good
81356,Good
26859,Good
38431,Poor
21120,Good
53904,Good
6621,Poor
25457,Poor
42662,Good
97792,Poor
74666,Good
71692,Good
2306,Good
819,Good
41083,Poor
76801,Good
13846,Good
58001,Poor
14882,Poor
78831,Good
34513,Good
79932,Good
30917,Poor
9976,Good
92694,Poor
18379,Good
93537,Good
82153,Poor
41262,Poor
96816,Good
34583,Poor
96668,Poor
98391,Poor
74682,Good
74465,Poor
69587,Good
60661,Poor
92044,Poor
86178,Poor
92982,Good
31468,Good
64891,Poor
64748,Good
814,Poor
83543,Poor
74967,Poor
17621,Poor
556,Poor
98789,Good
20842,Poor
32546,Poor
84531,Good
16351,Good
75899,Good
1333,Good
85233,Good
57751,Poor
20203,Good
20594,Good
84808,Good
33580,Good
66560,Poor
25768,Good
37987,Poor
69692,Good
46033,Poor
50077,Good
85460,Good
54911,Good
63236,Good
48175,Good
91920,Good
35159,Poor
68628,Good
91715,Good
93435,Poor
1656,Poor
38109,Good
50287,Good
77867,Good
38285,Good
39788,Good
23125,Poor
26246,Good
50994,Good
98830,Good
83045,Poor
16176,Good
29930,Poor
38887,Good
92239,Poor
47322,Poor
80905,Good
93714,Good
13853,Good
49537,Poor
25970,Good
52107,Good
64686,Poor
83039,Good
4929,Good
86858,Poor
52929,Good
50272,Good
43466,Poor
1449,Good
84162,Poor
27382,Poor
65363,Good
52624,Poor
16307,Good
35550,Poor
91131,Good
69715,Good
22969,Poor
95640,Poor
76548,Good
21139,Poor
29054,Poor
2296,Good
37964,Poor
87868,Good
48063,Good
70818,Poor
94776,Poor
74226,Good
75833,Good
78951,Poor
46334,Good
45878,Good
92658,Good
61720,Poor
53081,Good
3177,Good
97966,Poor
25873,Good
36069,Good
9991,Poor
54184,Good
39338,Good
27892,Poor
93438,Poor
69646,Good
63136,Good
34735,Good
14486,Good
77793,Good
58559,Poor
1056,Good
99736,Poor
16171,Poor
2453,Good
47613,Good
72241,Poor
54643,Good
59025,Poor
26471,Poor
82242,Poor
32652,Poor
29813,Good
30833,Good
51307,Poor
29573,Good
65587,Good
5903,Good
69794,Poor
46622,Poor
46207,Good
67823,Poor
58692,Poor
9625,Good
68135,Good
63223,Poor
82713,Good
81008,Good
26983,Poor
53401,Poor
12271,Good
35009,Good
10041,Poor
43374,Poor
73275,Poor
803,Good
10042,Good
9937,Poor
13877,Poor
14750,Poor
83943,Poor
63051,Poor
40608,Good
40674,Good
19962,Poor
30332,Poor
47016,Poor
25826,Good
76715,Poor
98132,Good
57533,Good
48312,Poor
6502,Good
64794,Poor
94162,Poor
64225,Good
55772,Poor
51120,Good
31492,Poor
94078,Good
63690,Good
50782,Poor
3455,Good
34624,Good
34524,Good
7607,Poor
25125,Good
23718,Poor
86764,Poor
8028,Poor
74419,Good
66769,Good
16366,Good
14221,Good
54028,Poor
7947,Poor
54983,Poor
97116,Poor
58130,Good
93777,Poor
15122,Poor
13498,Good
98061,Good
59643,Good
88264,Poor
85022,Good
93551,Good
59521,Good
32980,Good
11156,Good
82139,Poor
15453,Good
3889,Good
57565,Good
35773,Poor
72339,Good
52666,Good
41216,Good
9706,Poor
58105,Poor
30087,Good
91328,Poor
83929,Good
6797,Good
70398,Poor
26270,Good
69394,Poor
3431,Poor
1305,Poor
32100,Poor
63626,Good
87914,Good
49582,Good
40648,Poor
63581,Good
70183,Good
4404,Good
74581,Good
53383,Good
35897,Good
76286,Poor
20606,Good
72865,Poor
60074,Good
14071,Good
48823,Good
4166,Poor
10218,Poor
48758,Poor
25933,Good
199,Good
40916,Poor
81916,Poor
91110,Poor
22684,Poor
83858,Good
77590,Good
57597,Poor
74297,Poor
98566,Poor
47407,Poor
3765,Poor
68108,Poor
75620,Good
30573,Poor
97748,Good
92387,Good
77373,Good
752,Poor
45330,Good
31827,Poor
94112,Good
84662,Poor
10890,Poor
31943,Poor
44076,Poor
9066,Poor
22692,Good
93308,Poor
9304,Good
54862,Poor
31132,Poor
28861,Poor
5686,Good
91130,Good
83783,Poor
17049,Good
23495,Poor
23655,Poor
58253,Poor
35597,Poor
12513,Good
25476,Good
83986,Poor
43297,Good
68908,Poor
73609,Good
5050,Good
1459,Good
96235,Good
87243,Good
19613,Poor
5481,Good
93756,Good
50613,Good
27932,Good
11576,Poor
21672,Good
92711,Poor
2049,Poor
96406,Poor
64086,Poor
80920,Good
82188,Good
87341,Poor
44020,Good
41350,Poor
2755,Good
45199,Poor
97355,Good
4241,Good
58538,Poor
24677,Poor
28798,Poor
16261,Good
79125,Good
76745,Poor
47075,Poor
10161,Poor
20501,Good
56069,Good
22384,Good
76770,Poor
11405,Poor
74727,Poor
40651,Good
49673,Good
35919,Poor
33167,Good
74701,Poor
7692,Good
41430,Good
85226,Good
15000,Poor
20600,Poor
37708,Poor
41451,Good
2952,Poor
4781,Poor
16652,Good
48653,Poor
90619,Poor
98629,Good
14170,Good
1755,Good
80309,Poor
2429,Poor
98632,Poor
4628,Good
65100,Good
80955,Good
93584,Poor
30166,Good
80500,Poor
72337,Good
31753,Poor
41526,Poor
39789,Poor
91854,Poor
23237,Poor
69964,Poor
1593,Good
68052,Good
88056,Poor
7157,Good
5560,Good
59837,Poor
30644,Good
80947,Poor
78558,Poor
15482,Good
87924,Poor
99145,Good
63425,Good
34879,Poor
80878,Good
22464,Good
82847,Good
82024,Good
81315,Good
80153,Poor
94167,Good
7752,Poor
44460,Poor
96762,Poor
12099,Good
57793,Poor
51731,Good
57644,Good
32129,Good
61473,Poor
90068,Poor
52421,Good
88319,Poor
51470,Good
31237,Poor
63395,Good
57321,Poor
27557,Good
54150,Poor
94916,Poor
32874,Poor
24192,Poor
3859,Poor
4908,Good
4774,Good
19186,Poor
16146,Poor
72020,Poor
47947,Good
43394,Good
64183,Poor
2232,Poor
47373,Poor
4323,Good
14493,Good
64680,Good
11127,Good
94484,Poor
38671,Poor
94339,Good
27338,Good
6874,Good
15936,Poor
43695,Poor
3580,Poor
67820,Good
27344,Good
74673,Poor
21980,Poor
75442,Good
17607,Poor
73979,Good
58838,Good
41743,Good
39753,Good
26436,Good
54816,Poor
20308,Good
89181,Good
82700,Good
88240,Poor
3556,Poor
53633,Good
39094,Good
72864,Good
5177,Good
36191,Good
10398,Good
44074,Poor
94551,Good
41439,Good
84921,Poor
25097,Good
81803,Poor
13541,Poor
1398,Good
46892,Good
52716,Poor
59794,Good
1932,Poor
69055,Good
89650,Good
23389,Poor
7123,Poor
61273,Good
34690,Poor
3778,Good
7375,Poor
89523,Good
59316,Poor
10215,Good
3419,Good
94049,Poor
412,Good
47201,Poor
68829,Good
93449,Poor
8082,Poor
23457,Good
3334,Good
9826,Poor
32239,Poor
96091,Good
90508,Good
73287,Poor
28206,Poor
56991,Poor
87349,Good
15040,Poor
69863,Good
40196,Poor
39810,Poor
39943,Good
82978,Good
15250,Poor
54127,Poor
44305,Poor
17815,Poor
31099,Poor
78462,Poor
6405,Poor
46493,Poor
55524,Good
40552,Good
63314,Poor
90415,Poor
55056,Poor
27441,Poor
92395,Poor
16771,Good
70800,Good
92727,Good
25123,Poor
12408,Good
21788,Good
2364,Good
10200,Good
59156,Poor
50140,Good
41702,Good
63396,Poor
47351,Poor
82809,Good
85950,Good
28938,Poor
70960,Good
60134,Poor
11826,Good
12435,Good
33612,Good
80952,Good
28492,Good
78536,Good
88039,Good
88481,Good
65713,Poor
22364,Poor
89366,Poor
215,Good
39809,Good
4006,Poor
5274,Good
79913,Poor
32650,Good
76419,Poor
18109,Good
95804,Poor
76203,Good
51185,Good
17406,Good
40998,Poor
31910,Poor
32675,Good
29856,Poor
68180,Good
32461,Poor
48916,Poor
93318,Good
2490,Poor
76709,Good
41220,Good
42613,Good
19611,Good
98848,Good
97703,Poor
16340,Good
78070,Poor
48891,Good
6858,Good
76989,Good
10808,Poor
83360,Poor
85782,Good
75608,Poor
72895,Poor
91135,Good
81330,Good
33408,Good
60769,Good
3775,Poor
58501,Poor
57938,Good
17973,Good
6033,Poor
46880,Poor
29448,Poor
71616,Poor
29170,Good
70417,Poor
10973,Good
36753,Poor
67980,Good
36541,Good
74180,Good
42409,Poor
50336,Good
24363,Poor
58628,Good
74548,Good
95059,Poor
97867,Good
80886,Good
187,Good
37614,Good
31169,Good
7321,Poor
67626,Poor
15200,Good
62843,Poor
50730,Good
88241,Poor
9911,Good
47083,Good
84834,Poor
72649,Poor
45388,Poor
67638,Good
7276,Good
74679,Good
37521,Good
62411,Good
28902,Poor
36466,Good
34106,Good
82528,Poor
32356,Poor
53762,Good
79749,Poor
6824,Good
79903,Good
2774,Good
44493,Good
52177,Good
4261,Good
42494,Poor
56066,Poor
65844,Poor
28296,Good
49059,Poor
70788,Good
56012,Good
31897,Good
23615,Poor
72810,Good
55054,Good
66719,Poor
69662,Poor
22299,Good
24444,Poor
71952,Poor
18262,Good
13393,Poor
16698,Poor
56302,Good
30187,Poor
2319,Poor
24217,Good
20570,Poor
51799,Good
11997,Good
36994,Poor
30814,Good
40396,Good
58763,Poor
79108,Poor
78891,Good
18332,Good
15197,Good
11901,Poor
67346,Good
10202,Good
31622,Poor
32624,Poor
85665,Good
66790,Good
45342,Good
51469,Poor
59730,Poor
20796,Good
47477,Poor
47246,Good
17398,Poor
46320,Good
6945,Good
95956,Poor
60715,Poor
23375,Poor
2203,Poor
96237,Good
15052,Good
85452,Poor
51230,Good
20078,Poor
19106,Good
39051,Good
16129,Good
743,Good
24432,Good
18703,Good
12750,Poor
73955,Poor
26070,Good
17072,Good
31103,Good
1353,Poor
46737,Good
63313,Poor
28014,Poor
33710,Poor
47312,Poor
48475,Poor
91357,Poor
9936,Good
52267,Good
71745,Good
90893,Good
92269,Poor
76130,Poor
48385,Good
21427,Poor
66895,Poor
79603,Good
64322,Poor
53879,Good
79392,Good
24433,Good
5305,Poor
76669,Good
74203,Good
21977,Poor
67508,Good
16638,Poor
86728,Poor
56599,Good
6799,Poor
42493,Poor
24402,Poor
54074,Poor
18656,Poor
34745,Good
79364,Good
82791,Good
30375,Poor
51459,Good
56581,Poor
98094,Good
21430,Good
35660,Poor
51200,Poor
26802,Poor
30891,Poor
63147,Poor
15335,Poor
81800,Good
43009,Poor
69894,Poor
33121,Good
27776,Good
42857,Good
17370,Good
55780,Poor
86529,Good
49830,Poor
65784,Good
68313,Poor
46381,Poor
60806,Poor
96655,Poor
61064,Good
52208,Poor
56759,Poor
79935,Poor
4638,Good
21785,Good
84385,Good
14919,Good
99836,Good
36096,Good
6347,Poor
54238,Poor
38252,Poor
79396,Poor
6598,Good
57476,Poor
76898,Good
30325,Good
97503,Poor
20388,Poor
64787,Poor
70437,Poor
11140,Good
91132,Good
20159,Good
24331,Poor
80702,Good
8682,Good
89679,Good
26416,Good
63365,Poor
50092,Poor
17719,Good
9372,Poor
49465,Good
33407,Good
36618,Good
41623,Good
43373,Good
25714,Good
70414,Poor
26495,Poor
97684,Poor
66371,Poor
49857,Poor
89861,Poor
6592,Good
28552,Good
80921,Poor
30304,Good
95559,Good
66093,Good
56690,Poor
58195,Poor
31430,Poor
43720,Poor
56966,Poor
76812,Poor
6152,Good
39950,Good
14162,Good
44798,Poor
90116,Poor
16935,Good
81686,Good
37059,Good
16446,Good
16711,Good
76550,Poor
42232,Good
86067,Poor
95418,Poor
4445,Good
45595,Poor
80527,Poor
11992,Good
64569,Good
69915,Poor
49561,Good
82669,Good
99446,Poor
44660,Poor
92660,Poor
37269,Good
58197,Poor
43797,Good
55424,Poor
92950,Good
20003,Poor
30580,Good
23683,Poor
62567,Good
4402,Good
69625,Poor
43547,Good
43746,Good
44383,Poor
93546,Poor
19172,Poor
33040,Poor
31816,Good
58279,Good
79471,Poor
23539,Good
71973,Good
9157,Poor
24289,Good
2123,Good
3101,Poor
78197,Good
93475,Good
15621,Poor
93093,Poor
68520,Poor
78903,Good
66863,Good
65403,Poor
9962,Poor
94646,Good
76389,Poor
36688,Good
35725,Poor
93907,Poor
85556,Good
12519,Poor
75320,Poor
32952,Good
79169,Poor
90906,Good
74537,Poor
15140,Poor
240,Poor
22073,Poor
53629,Good
61137,Poor
32900,Good
67083,Poor
46808,Good
80907,Poor
12830,Poor
89106,Poor
92383,Good
14693,Poor
41557,Good
88013,Poor
49486,Good
3138,Poor
41331,Poor
23674,Good
76726,Poor
12955,Good
65594,Good
80369,Good
53124,Poor
36214,Poor
94703,Poor
67200,Poor
80672,Good
89944,Poor
91766,Good
55680,Poor
60734,Poor
87586,Poor
11454,Poor
58610,Good
80804,Poor
9159,Poor
40215,Poor
31937,Poor
69924,Good
56061,Poor
15418,Poor
83044,Good
73178,Poor
67472,Good
20059,Good
31960,Poor
15655,Good
33720,Good
7209,Poor
34787,Good
85331,Good
3008,Good
2927,Poor
87949,Poor
18637,Poor
68268,Good
4524,Poor
61943,Good
11779,Good
15480,Good
78710,Poor
1657,Good
37888,Good
42218,Good
5739,Good
5017,Good
26667,Good
46262,Good
52347,Poor
36692,Poor
24948,Good
90887,Good
50175,Good
41696,Poor
33547,Good
66615,Good
32613,Poor
81316,Good
16051,Good
74582,Poor
41731,Good
18782,Poor
15831,Poor
19319,Good
93202,Poor
20537,Good
98149,Poor
73845,Good
97711,Poor
27002,Good
34899,Poor
23299,Good
89377,Poor
42003,Good
25875,Good
50366,Good
98700,Poor
92414,Good
24657,Good
47983,Poor
60494,Good
73317,Poor
17258,Poor
960,Good
44011,Poor
31129,Poor
42683,Good
94305,Good
44415,Poor
95049,Poor
21148,Poor
5859,Poor
93818,Poor
13599,Good
23759,Good
88667,Poor
79516,Poor
22403,Good
93505,Poor
63053,Good
23508,Good
59438,Poor
37878,Poor
91097,Poor
84660,Good
68812,Poor
32170,Good
47781,Good
93474,Poor
28653,Good
96044,Good
797,Good
52037,Good
47374,Poor
98139,Good
50736,Poor
58000,Poor
84365,Poor
13621,Poor
38067,Poor
57563,Good
2205,Good
50786,Good
70252,Poor
40878,Poor
78045,Good
19671,Good
12577,Poor
1579,Poor
80377,Good
29881,Poor
52001,Poor
42137,Good
73144,Good
95267,Poor
92759,Poor
34288,Good
20389,Good
64684,Good
50569,Poor
14473,Poor
2737,Poor
35914,Poor
3714,Poor
12959,Good
2847,Poor
77709,Good
97695,Good
79950,Poor
25515,Good
42143,Poor
83544,Good
64500,Poor
18808,Poor
12046,Poor
37986,Good
93452,Good
83315,Poor
57479,Poor
36991,Poor
77901,Poor
20145,Good
64764,Good
63237,Good
80047,Good
30964,Good
42460,Poor
1476,Poor
21329,Poor
85535,Poor
29951,Poor
57534,Poor
24550,Poor
82871,Poor
60155,Poor
29760,Good
93436,Poor
65861,Good
79179,Good
54927,Good
49735,Poor
97414,Good
99087,Poor
31066,Good
20585,Poor
3782,Good
7618,Poor
58825,Poor
99964,Good
34567,Good
9832,Good
50804,Good
36871,Poor
77891,Good
10173,Good
18179,Poor
35110,Good
41753,Good
97140,Poor
51356,Good
83741,Good
34826,Good
30576,Good
12729,Good
55242,Good
43352,Poor
12221,Poor
41260,Good
10367,Poor
15143,Poor
85417,Good
39949,Good
58157,Good
95179,Poor
23766,Good
32296,Poor
71651,Good
5467,Poor
58887,Poor
75831,Good
56746,Poor
79850,Poor
44850,Good
33355,Poor
29182,Poor
88549,Good
79022,Poor
86175,Good
95022,Good
92264,Poor
73052,Good
22687,Good
76968,Poor
13997,Good
65312,Poor
66973,Good
40035,Good
31811,Good
85524,Poor
35644,Poor
22366,Good
4856,Good
58146,Good
81995,Poor
59917,Good
60100,Poor
74399,Good
92922,Poor
26535,Poor
74049,Poor
21914,Poor
68183,Good
10176,Good
14079,Good
63691,Poor
23853,Good
81687,Poor
5870,Good
88161,Poor
92083,Good
86077,Good
88779,Poor
12367,Good
72268,Poor
20242,Good
35845,Good
45874,Good
79700,Good
58914,Poor
64889,Good
37799,Poor
21633,Poor
21175,Poor
71187,Poor
90841,Poor
30745,Poor
15540,Good
73429,Poor
90035,Poor
98892,Poor
55132,Good
43731,Poor
55688,Good
43810,Poor
51328,Good
54136,Good
47963,Poor
38488,Good
96747,Poor
38572,Good
46525,Good
2100,Good
35599,Good
51655,Poor
57428,Good
46291,Poor
61263,Poor
7686,Poor
89676,Good
16278,Poor
93742,Good
99999,Good
95355,Good
50550,Poor
33548,Poor
77706,Poor
70527,Good
60028,Poor
86864,Good
69339,Good
65590,Poor
96027,Good
18363,Poor
73022,Good
97702,Good
80449,Good
4408,Poor
83383,Poor
58108,Good
56122,Good
84654,Poor
37142,Poor
85299,Poor
20846,Good
27347,Poor
68900,Good
75032,Poor
38072,Poor
80983,Poor
99288,Poor
34387,Good
15748,Good
92440,Poor
29631,Good
62466,Good
15007,Poor
33087,Poor
76754,Good
16049,Poor
31913,Poor
12688,Poor
61789,Poor
79567,Good
28604,Poor
10395,Good
81616,Good
74602,Good
53069,Good
85482,Good
95242,Poor
45525,Poor
68057,Poor
53378,Poor
90954,Poor
26486,Poor
15499,Poor
49584,Good
30637,Poor
89043,Good
64958,Poor
3124,Poor
58211,Poor
18684,Good
65770,Poor
68910,Good
38359,Poor
91844,Poor
940,Poor
39240,Good
83738,Good
27835,Good
69134,Good
64506,Poor
37663,Good
46391,Good
2512,Good
1677,Poor
59509,Poor
47633,Good
11672,Poor
32743,Good
48525,Poor
47934,Poor
38564,Good
9886,Good
91908,Poor
13513,Poor
48261,Poor
30732,Poor
9997,Poor
22383,Poor
7753,Poor
22011,Poor
79344,Good
3107,Good
68404,Poor
73394,Poor
40784,Poor
19608,Poor
31564,Poor
66702,Poor
72917,Poor
14001,Good
50851,Good
21502,Poor
35639,Good
96697,Good
74024,Poor
45515,Poor
62234,Poor
8356,Poor
5997,Good
55217,Good
50572,Good
34605,Poor
66360,Good
10119,Poor
59991,Good
65293,Poor
91368,Good
6357,Good
59317,Poor
38533,Good
8795,Poor
50932,Poor
80096,Poor
12824,Good
90651,Poor
17080,Good
50993,Poor
43771,Poor
29761,Poor
94034,Poor
85085,Good
8041,Good
29942,Good
92214,Poor
28182,Good
15605,Poor
60271,Good
52736,Good
87996,Good
83749,Good
80337,Poor
21988,Good
84915,Poor
72366,Good
13471,Poor
6164,Poor
15982,Good
29220,Poor
93665,Good
14455,Good
61441,Good
79669,Poor
17121,Good
76346,Good
80875,Good
78799,Poor
62151,Good
23463,Good
59584,Good
52734,Poor
61009,Poor
89776,Good
12991,Good
76756,Poor
97443,Poor
43688,Poor
2846,Good
65516,Good
16948,Poor
85408,Poor
97306,Poor
22080,Good
16416,Good
5562,Good
92085,Poor
75008,Good
54703,Good
90975,Good
93206,Good
37138,Good
80450,Good
10774,Good
21071,Poor
39182,Good
4491,Good
32646,Poor
70427,Poor
10165,Poor
44227,Good
23567,Poor
41699,Good
48846,Good
66030,Poor
33195,Good
64094,Poor
60951,Good
36473,Poor
51919,Poor
17754,Poor
80432,Poor
74389,Good
62124,Poor
50507,Good
63312,Good
64360,Good
18311,Good
69636,Poor
22619,Poor
43579,Poor
26828,Good
90897,Good
42535,Poor
97329,Good
15330,Good
85356,Good
18607,Poor
80519,Poor
72098,Good
34262,Good
26932,Poor
48249,Good
39144,Poor
97498,Poor
62396,Poor
95644,Good
93670,Good
67524,Good
22509,Good
53086,Poor
18250,Poor
92626,Good
41924,Good
13993,Good
74980,Poor
22284,Poor
61172,Poor
30367,Good
29693,Poor
85343,Poor
26958,Poor
86645,Good
30720,Good
38486,Poor
84082,Good
54853,Good
76758,Poor
14288,Poor
2426,Poor
1314,Poor
51877,Poor
3570,Poor
96522,Poor
48507,Good
28699,Good
29987,Poor
2840,Good
67199,Poor
32113,Poor
69880,Good
75563,Poor
91567,Poor
18944,Poor
62691,Good
81710,Poor
72021,Good
5837,Good
30579,Good
36794,Poor
42270,Good
26369,Good
58884,Poor
27051,Good
16506,Good
3716,Poor
80668,Poor
605,Poor
9880,Good
77734,Poor
6694,Poor
42609,Good
76132,Good
35165,Good
32306,Good
40143,Good
16444,Good
49077,Good
32922,Poor
41133,Poor
67152,Poor
21314,Good
46310,Poor
2883,Good
14278,Good
13925,Good
4321,Good
94666,Good
26211,Good
82300,Poor
95195,Good
33999,Good
76697,Good
98785,Good
21919,Poor
97171,Poor
53427,Good
78882,Good
81950,Good
4800,Poor
80658,Poor
98066,Poor
49996,Poor
64979,Good
26593,Poor
15129,Poor
58864,Poor
61729,Poor
89615,Poor
61792,Poor
9630,Good
5001,Poor
18739,Poor
80665,Poor
87955,Good
54769,Poor
27998,Poor
97697,Poor
44400,Poor
62140,Good
23638,Poor
73067,Good
63755,Good
33740,Good
93150,Good
49547,Good
72455,Poor
6739,Poor
35699,Good
80703,Good
85693,Good
13597,Poor
97821,Poor
95651,Good
41984,Poor
37374,Poor
63294,Poor
13990,Poor
64138,Poor
79980,Good
1705,Poor
73896,Good
3555,Good
71528,Good
14979,Poor
82823,Good
60561,Good
21648,Poor
44250,Good
89856,Good
7266,Good
77869,Poor
44311,Good
54588,Poor
21122,Good
20444,Poor
39880,Poor
11112,Poor
89430,Good
66135,Good
95903,Good
71388,Poor
21204,Good
63222,Good
55201,Good
42524,Good
88695,Good
80829,Good
92730,Poor
18467,Poor
32539,Good
20753,Poor
3583,Good
56997,Poor
65501,Poor
88462,Good
25815,Poor
99433,Poor
55192,Good
51002,Good
10931,Good
88815,Good
80646,Good
73602,Good
96093,Good
1352,Good
11898,Good
27563,Poor
21669,Poor
71601,Poor
2535,Poor
80374,Poor
55418,Good
31269,Good
1266,Poor
11456,Good
53452,Poor
35698,Poor
26596,Good
26068,Poor
58031,Good
53680,Poor
46548,Good
57749,Good
3501,Poor
43576,Poor
99399,Poor
97432,Good
50406,Good
64155,Good
90125,Poor
47371,Good
28240,Poor
14967,Poor
58918,Good
60290,Good
97887,Poor
60634,Good
22239,Good
91411,Good
77670,Good
78795,Poor
59924,Good
36451,Good
33308,Poor
49332,Good
12600,Poor
20307,Good
31346,Good
67607,Good
25121,Good
47120,Good
79173,Poor
72721,Poor
5565,Poor
12218,Good
13848,Good
33180,Poor
39336,Good
58948,Poor
32736,Poor
67731,Good
78373,Good
99521,Poor
3712,Poor
67375,Poor
8160,Poor
23801,Good
21028,Good
67181,Good
11275,Good
47546,Good
55896,Good
8727,Poor
961,Poor
21357,Good
21472,Poor
41229,Good
15021,Poor
86916,Poor
22283,Poor
28638,Good
71600,Poor
74987,Good
45360,Good
73218,Good
98894,Poor
10778,Good
92998,Poor
78574,Poor
51366,Good
32477,Good
24949,Poor
39963,Good
87334,Good
27554,Good
23373,Poor
93029,Poor
7994,Poor
4539,Poor
88416,Poor
50041,Good
54254,Good
3355,Poor
31465,Good
10543,Poor
55957,Good
2179,Good
11132,Poor
65807,Poor
4123,Good
70987,Good
48982,Poor
17955,Good
45876,Poor
48442,Good
32031,Poor
90103,Poor
10924,Poor
4769,Good
67359,Good
5898,Good
92610,Poor
82296,Poor
96584,Poor
96094,Good
50445,Good
85230,Good
5923,Good
8481,Good
64323,Good
57,Poor
17156,Good
18181,Good
58087,Good
902,Poor
31985,Poor
63989,Good
14040,Poor
84719,Good
66832,Good
53704,Good
55021,Good
38665,Good
77542,Good
57242,Good
7741,Poor
22007,Good
42810,Poor
21311,Good
96985,Poor
68819,Poor
24599,Good
82215,Good
73986,Good
86819,Poor
76096,Poor
50475,Good
1973,Good
47795,Poor
62610,Good
15236,Good
49718,Poor
67003,Good
56639,Good
89973,Poor
84564,Poor
28204,Poor
52804,Good
21124,Poor
76847,Poor
87992,Good
92391,Poor
10811,Good
76227,Poor
39396,Poor
10199,Poor
39337,Poor
54891,Good
93486,Good
72311,Poor
74579,Poor
56001,Poor
32127,Good
33879,Poor
45556,Good
63408,Poor
4488,Good
80836,Poor
70408,Poor
94295,Good
90397,Poor
53728,Poor
75086,Good
68860,Poor
59859,Poor
18111,Good
43427,Poor
39931,Good
81174,Poor
65359,Poor
47070,Good
8303,Poor
60277,Good
42147,Good
80252,Good
87930,Good
66453,Poor
66794,Poor
2589,Good
7352,Poor
15643,Poor
41006,Good
75267,Poor
93145,Poor
11031,Good
86762,Good
8063,Poor
58808,Poor
38555,Poor
30925,Poor
69749,Good
78921,Poor
37016,Poor
9375,Good
92144,Good
83846,Poor
76445,Poor
41217,Poor
49477,Poor
38364,Poor
57776,Poor
19021,Good
85875,Good
85765,Good
73527,Good
44217,Good
52875,Poor
47891,Poor
34933,Poor
58540,Poor
92287,Poor
15495,Poor
85497,Poor
15645,Poor
69392,Good
91835,Good
1509,Poor
11712,Poor
31062,Good
62327,Good
64973,Poor
98662,Poor
56449,Poor
99376,Good
4392,Good
5258,Poor
69920,Good
33455,Poor
69027,Good
22471,Good
96105,Good
11710,Poor
3779,Poor
39245,Poor
96706,Good
58334,Good
37154,Poor
48245,Poor
39489,Poor
86282,Poor
36696,Good
92421,Good
71387,Good
94660,Poor
36162,Poor
77183,Good
86960,Poor
44745,Poor
32979,Good
60528,Poor
54403,Poor
9670,Poor
85615,Poor
95307,Good
40527,Poor
24011,Good
37064,Good
58605,Good
20591,Good
38297,Good
35778,Good
29195,Poor
49186,Poor
58630,Good
61424,Poor
37505,Good
11718,Poor
56761,Poor
72438,Poor
77761,Poor
49352,Good
60908,Poor
73054,Poor
19400,Good
86484,Poor
18248,Good
95001,Poor
87192,Good
81016,Good
63798,Poor
59244,Good
47890,Good
39919,Good
80586,Poor
11498,Poor
87905,Good
52244,Poor
62996,Poor
76167,Poor
72199,Good
73983,Poor
52090,Poor
93185,Good
46973,Good
61315,Poor
42452,Poor
90673,Poor
64453,Poor
2885,Good
20824,Good
89673,Poor
61589,Poor
87994,Good
9377,Poor
1887,Poor
95856,Good
11280,Good
84160,Poor
4629,Poor
72514,Good
30658,Poor
28118,Good
21862,Poor
92522,Good
9842,Good
35828,Poor
55133,Good
8040,Poor
23767,Poor
65669,Good
75150,Poor
27950,Good
80379,Poor
49253,Good
1561,Poor
62798,Poor
45477,Good
4198,Poor
77410,Good
78863,Good
904,Poor
80884,Good
47532,Poor
41692,Poor
67306,Good
4864,Poor
6667,Good
48384,Good
15067,Good
9329,Good
46701,Poor
91057,Poor
21494,Good
28572,Poor
32315,Poor
168,Poor
70274,Poor
36795,Poor
20440,Poor
37760,Poor
75066,Good
3790,Poor
6654,Poor
12637,Poor
895,Poor
98469,Good
35979,Poor
75063,Good
53807,Good
49119,Poor
64024,Good
36108,Good
69824,Good
2612,Poor
43716,Poor
87332,Good
16606,Poor
40606,Poor
76460,Poor
26635,Good
60735,Good
79432,Good
20118,Good
19585,Good
85001,Poor
32645,Poor
18933,Good
54786,Poor
63903,Good
89133,Good
38478,Poor
25275,Good
58163,Good
43536,Poor
42040,Poor
82531,Poor
97358,Poor
26435,Good
40370,Good
46164,Good
37129,Poor
3717,Poor
3915,Good
32060,Good
85003,Poor
67473,Poor
41164,Good
64893,Poor
54077,Good
88512,Good
69266,Poor
87274,Good
2591,Poor
40361,Good
37209,Good
277,Poor
22691,Good
93199,Good
40698,Poor
75326,Good
82643,Good
98754,Poor
34978,Good
34593,Poor
61256,Good
69476,Good
81690,Poor
50348,Poor
81111,Good
93544,Poor
25805,Good
3749,Good
89519,Good
86879,Poor
36675,Good
42580,Poor
71186,Poor
86597,Poor
84291,Poor
31878,Good
89105,Poor
62361,Poor
22169,Poor
3970,Poor
41440,Poor
53843,Poor
65527,Poor
65690,Poor
80296,Poor
41574,Poor
20240,Good
27992,Good
76152,Good
68176,Good
17767,Poor
50097,Good
82056,Good
58912,Good
69839,Poor
35394,Poor
58874,Good
25259,Good
89951,Good
51205,Poor
19280,Good
151,Good
11119,Poor
7254,Poor
36701,Poor
8359,Good
50674,Good
5605,Poor
9333,Good
61136,Poor
92344,Good
37365,Poor
20162,Poor
22821,Good
31525,Poor
96160,Poor
69639,Good
78441,Good
24288,Poor
48246,Poor
9059,Good
37153,Good
67404,Good
27979,Good
45634,Poor
35983,Good
22838,Good
20102,Good
38909,Poor
17126,Good
56762,Good
1196,Poor
42919,Poor
55213,Poor
41246,Poor
76064,Good
83984,Poor
53789,Good
18028,Poor
75871,Good
16004,Poor
64468,Good
96753,Poor
29259,Poor
17269,Poor
75351,Good
41737,Good
80996,Good
43876,Good
96320,Good
3732,Poor
53847,Poor
67462,Poor
90101,Good
21372,Good
85772,Good
99151,Poor
9306,Good
80572,Poor
54654,Poor
74205,Poor
17082,Good
45382,Poor
10604,Good
67573,Good
68537,Good
90033,Good
52093,Good
64557,Poor
33568,Poor
96062,Poor
48841,Good
80530,Poor
72907,Good
88047,Poor
75344,Poor
25928,Good
40646,Poor
4766,Good
44616,Poor
69267,Poor
8741,Good
34252,Good
57800,Good
98242,Poor
83481,Good
21567,Poor
67406,Poor
38764,Poor
85695,Poor
79820,Poor
44252,Good
92902,Poor
59866,Good
3769,Good
30712,Poor
63063,Poor
10107,Good
86497,Poor
83472,Poor
44028,Good
96085,Poor
37110,Poor
89376,Poor
82655,Poor
36532,Poor
22099,Poor
76280,Good
23783,Good
40066,Good
8183,Good
58521,Good
8889,Good
22974,Poor
20827,Good
61382,Poor
92805,Good
52525,Good
80434,Good
22322,Good
68536,Poor
60739,Poor
41858,Poor
60742,Good
31135,Good
22121,Poor
87188,Poor
64669,Poor
44585,Poor
43913,Poor
3760,Good
13589,Good
19335,Poor
87865,Poor
9877,Good
58385,Good
88729,Good
38198,Poor
5180,Poor
82949,Good
25898,Good
64766,Poor
30131,Good
12252,Poor
85848,Poor
63055,Poor
12731,Good
80616,Poor
52462,Good
80552,Good
17606,Poor
49946,Poor
12699,Good
73971,Good
52034,Poor
91006,Good
62018,Good
53735,Poor
51209,Poor
86666,Good
14829,Poor
34844,Poor
75824,Poor
60885,Good
60078,Good
77316,Poor
13048,Good
53068,Poor
70639,Good
55120,Poor
14318,Poor
57047,Poor
5896,Poor
24059,Good
4949,Poor
72575,Poor
87369,Poor
58958,Good
29592,Good
72887,Poor
36053,Poor
7169,Poor
27651,Poor
30456,Poor
37026,Poor
96989,Poor
9365,Poor
77237,Poor
97440,Good
53706,Poor
73112,Poor
48342,Poor
4536,Poor
48349,Poor
60878,Good
39452,Poor
52091,Good
94277,Poor
68744,Poor
99636,Good
40009,Poor
55924,Good
59535,Good
6240,Good
46858,Good
74941,Good
1621,Good
80445,Good
86475,Poor
5871,Poor
32746,Poor
46269,Good
65478,Poor
87587,Poor
49688,Poor
68446,Good
22029,Good
78362,Good
12475,Good
60077,Poor
35473,Poor
6003,Poor
71557,Good
66092,Poor
63027,Good
28141,Good
54784,Poor
42603,Good
68051,Good
93952,Good
20426,Good
21317,Poor
24911,Good
31554,Good
14678,Good
16071,Poor
72572,Poor
21896,Good
35485,Poor
89261,Poor
95007,Good
78316,Good
78990,Good
25012,Good
49122,Poor
79256,Poor
523,Poor
99003,Poor
84751,Good
77305,Poor
99848,Good
74674,Poor
71938,Poor
56070,Good
95398,Poor
42969,Good
69586,Good
67323,Poor
34116,Good
7103,Poor
10464,Poor
16419,Poor
26003,Good
1746,Poor
3382,Poor
35904,Poor
1966,Good
94704,Good
20819,Good
89748,Good
41124,Good
64093,Poor
83513,Good
73081,Good
469,Poor
58516,Good
89269,Poor
33586,Poor
25719,Poor
85483,Good
22869,Good
54642,Good
93646,Poor
58648,Good
54885,Good
73145,Good
17513,Poor
44944,Poor
69799,Poor
84854,Poor
95758,Poor
79066,Good
85000,Poor
4793,Good
68592,Good
48508,Good
24500,Good
14053,Poor
49762,Good
88417,Good
92857,Good
70462,Good
85241,Poor
39780,Good
87596,Good
17798,Good
13029,Poor
42236,Good
13298,Good
13021,Poor
49930,Good
62564,Good
54505,Poor
53905,Poor
63601,Poor
30431,Poor
65563,Good
53653,Poor
21530,Good
46263,Good
32294,Good
34308,Poor
53402,Good
35369,Good
68604,Good
59979,Poor
87910,Good
72932,Poor
14030,Poor
48733,Poor
56395,Poor
45552,Poor
78645,Good
33072,Poor
95604,Good
72454,Poor
1446,Good
39793,Good
68714,Good
17070,Good
41894,Good
8243,Good
62338,Poor
70879,Good
63611,Good
22079,Poor
51833,Good
77094,Good
26262,Poor
69926,Poor
36207,Good
68429,Good
15817,Poor
51851,Good
63148,Poor
49256,Good
28208,Good
64952,Poor
64377,Good
11217,Poor
19187,Good
88005,Poor
65921,Good
61917,Poor
6350,Poor
5930,Good
31760,Poor
55848,Poor
69716,Good
50619,Good
58631,Poor
51467,Poor
8951,Poor
82070,Poor
47425,Poor
80839,Good
52183,Poor
56631,Good
33742,Poor
86925,Poor
46253,Poor
39341,Good
52654,Good
29417,Good
95648,Good
96798,Good
7270,Good
36676,Good
91421,Good
92852,Good
24065,Poor
82253,Poor
33449,Poor
26000,Poor
50671,Good
43552,Good
14595,Poor
10994,Poor
50796,Poor
5523,Poor
70714,Poor
2757,Good
87490,Good
22298,Good
35220,Good
67552,Good
60024,Poor
24718,Good
66536,Good
14844,Good
65804,Poor
20663,Poor
42018,Good
50142,Poor
89891,Good
9702,Good
66091,Good
76984,Good
41420,Good
68489,Poor
9980,Good
901,Poor
30764,Poor
98834,Poor
4444,Good
80270,Poor
88191,Good
43368,Good
85792,Poor
14073,Good
50952,Poor
24063,Good
38491,Good
34533,Good
39163,Good
32897,Good
24366,Good
95543,Good
62851,Good
86149,Poor
72469,Good
66527,Poor
62190,Good
68258,Poor
24493,Poor
36679,Good
10203,Good
72764,Good
32732,Good
86384,Good
27560,Good
58251,Good
47951,Poor
25269,Good
50391,Good
69131,Good
72386,Good
60588,Good
71991,Poor
35361,Poor
13875,Poor
53558,Poor
62504,Good
91046,Poor
78266,Poor
96746,Poor
33083,Good
21763,Poor
14371,Good
95423,Poor
16329,Poor
92384,Good
40697,Good
83833,Poor
353,Poor
58661,Good
5750,Poor
84021,Poor
71960,Good
96984,Good
75522,Poor
93816,Good
38718,Poor
30751,Poor
90070,Poor
71583,Good
71438,Good
97585,Good
41925,Good
81395,Good
85837,Poor
61546,Poor
82957,Good
42052,Poor
7124,Good
90585,Poor
78532,Good
71841,Poor
38170,Good
63406,Poor
62087,Good
53551,Good
94088,Good
16132,Poor
43738,Good
76472,Poor
13301,Good
43406,Good
54632,Good
88562,Good
83076,Good
60917,Good
94915,Poor
27141,Poor
5118,Poor
69485,Poor
81326,Good
68338,Good
55747,Poor
43207,Poor
52414,Poor
7866,Good
17159,Good
57735,Good
70461,Poor
74327,Poor
53785,Good
28263,Good
98440,Poor
2489,Poor
79263,Poor
74497,Good
28502,Poor
49330,Good
30214,Good
52537,Poor
91494,Poor
12338,Good
7976,Good
86095,Poor
94366,Good
25485,Poor
40858,Poor
131,Good
58331,Good
31192,Poor
48613,Poor
6172,Poor
49081,Poor
8030,Good
25263,Poor
28180,Poor
12518,Poor
98698,Good
82869,Poor
52781,Poor
62615,Good
20922,Good
99130,Good
62990,Poor
68015,Good
6712,Poor
23842,Poor
70619,Poor
31665,Good
18451,Poor
42614,Poor
57668,Good
41259,Poor
65963,Good
74797,Good
93301,Good
31608,Good
71751,Poor
92663,Good
22305,Good
30623,Good
20371,Good
72286,Poor
51227,Poor
86429,Good
23932,Good
2008,Poor
4777,Good
13551,Good
58911,Poor
28108,Good
28655,Good
70431,Good
95401,Good
77199,Poor
22962,Poor
86950,Poor
11004,Poor
4690,Good
89632,Poor
75180,Poor
17813,Good
68875,Good
68192,Poor
50888,Poor
37197,Poor
29572,Good
89947,Poor
20146,Poor
93633,Good
30219,Good
21202,Good
4988,Good
48565,Poor
30194,Poor
86022,Poor
91374,Good
88155,Poor
37070,Poor
558,Good
52928,Good
39089,Poor
35967,Poor
43933,Good
26692,Poor
1143,Poor
28332,Poor
90995,Poor
64478,Poor
31560,Poor
53464,Poor
86401,Poor
41258,Good
94912,Poor
41222,Good
2559,Poor
51000,Good
29454,Poor
90904,Poor
43916,Good
21030,Poor
85859,Poor
4898,Poor
19808,Good
47961,Good
15478,Poor
7577,Poor
78934,Poor
6706,Poor
96646,Poor
33241,Good
11980,Good
34205,Good
44586,Poor
94724,Poor
1050,Good
32836,Poor
81903,Poor
9633,Good
41611,Poor
11428,Good
92728,Poor
35490,Poor
56640,Poor
31265,Good
35010,Poor
63662,Good
56787,Good
48447,Good
96793,Good
10809,Poor
62896,Poor
39166,Poor
74715,Good
18873,Poor
22797,Good
30462,Good
40859,Poor
11159,Poor
52802,Good
26476,Good
87285,Good
52503,Good
9273,Good
17382,Poor
94632,Poor
73966,Good
93617,Poor
30961,Good
8813,Good
54464,Poor
76545,Good
4079,Good
25237,Poor
71881,Good
36185,Poor
13476,Good
99358,Poor
20094,Poor
11804,Poor
1860,Good
63733,Good
39550,Poor
19315,Poor
49915,Good
84400,Poor
49423,Good
14008,Poor
3443,Good
1477,Poor
42851,Poor
91285,Poor
52221,Poor
20455,Poor
32643,Poor
18055,Poor
80407,Poor
89249,Good
78415,Poor
29053,Good
6036,Good
98595,Good
35429,Poor
21566,Poor
84070,Poor
23585,Good
21823,Poor
62183,Poor
66163,Good
56002,Good
7956,Poor
11827,Poor
49461,Good
55271,Poor
29085,Poor
40369,Good
70138,Good
5669,Good
4576,Good
20317,Good
34443,Poor
17644,Poor
91093,Good
27104,Good
57144,Good
55691,Poor
53076,Poor
32313,Good
82029,Good
61734,Poor
43010,Good
48428,Good
11487,Good
73150,Good
1371,Good
42686,Good
90302,Poor
32790,Good
31072,Good
7785,Poor
95767,Good
55948,Good
72693,Good
64974,Poor
22599,Poor
86823,Poor
90151,Poor
20006,Poor
80163,Poor
10208,Poor
68198,Poor
37278,Good
33551,Poor
45210,Poor
57586,Poor
81450,Poor
54465,Good
65167,Good
52161,Good
38823,Good
38761,Poor
67286,Poor
29809,Good
55770,Good
90542,Poor
93821,Good
80904,Poor
13966,Poor
65065,Good
93801,Poor
27254,Poor
45897,Poor
4218,Poor
77868,Poor
15334,Poor
86145,Good
30677,Poor
76118,Poor
57540,Poor
67556,Good
10301,Good
88598,Poor
18026,Good
54105,Poor
81537,Poor
18087,Good
92431,Poor
90274,Good
67475,Poor
63872,Good
69180,Good
44164,Poor
69624,Poor
11471,Poor
49832,Good
58541,Poor
85543,Good
4771,Good
39927,Good
54201,Poor
8707,Good
82145,Good
96707,Poor
49489,Good
20790,Good
39218,Poor
17967,Good
49076,Poor
8484,Good
44475,Good
21390,Poor
59221,Poor
88188,Good
48108,Poor
33891,Poor
17431,Good
16251,Good
35404,Poor
51978,Good
95849,Good
64634,Good
65113,Good
37030,Poor
75857,Good
36709,Good
84810,Poor
4745,Good
59629,Poor
86220,Poor
4026,Good
36275,Good
17622,Good
31116,Poor
32766,Poor
35757,Good
77639,Good
49929,Good
37824,Good
79023,Good
21766,Poor
70405,Good
49527,Poor
72955,Poor
54523,Good
74299,Poor
12148,Poor
3350,Good
87829,Good
43909,Good
73325,Poor
41017,Good
85931,Poor
10936,Poor
44290,Good
64592,Poor
64251,Poor
71584,Good
94552,Poor
14219,Good
245,Good
15691,Poor
54363,Poor
90867,Poor
67817,Good
38993,Poor
97886,Poor
20060,Poor
70298,Good
96242,Good
67453,Good
52122,Good
9008,Good
65040,Poor
97997,Good
94879,Good
50472,Poor
26664,Good
98787,Good
32434,Poor
86486,Poor
63191,Good
82246,Poor
822,Poor
24404,Good
70502,Poor
90575,Poor
66309,Good
4883,Good
54340,Poor
58755,Poor
32405,Good
52331,Good
87298,Poor
80226,Good
79310,Good
5935,Good
57033,Good
8161,Poor
22164,Poor
83912,Good
49714,Poor
69097,Poor
51684,Poor
74583,Poor
4523,Poor
15213,Good
98272,Good
50112,Poor
9849,Good
70522,Poor
97269,Poor
75075,Good
10466,Poor
77924,Good
35001,Good
50922,Good
52808,Poor
84820,Good
93728,Good
7978,Poor
90669,Poor
20153,Poor
54526,Good
72981,Poor
4684,Poor
43357,Good
69660,Good
92615,Good
7136,Good
82063,Good
48410,Poor
77465,Poor
68627,Poor
93051,Good
5934,Poor
52836,Good
32269,Poor
16631,Good
15728,Poor
92656,Good
34193,Good
6599,Poor
72482,Good
71043,Good
40623,Good
48732,Good
4165,Good
89045,Good
32392,Good
99581,Good
5814,Good
75715,Poor
85133,Poor
47629,Poor
32165,Good
53744,Good
37069,Poor
36723,Good
22409,Poor
20549,Good
4980,Poor
84022,Poor
51962,Poor
3291,Poor
83592,Poor
50960,Good
74423,Poor
46270,Good
91947,Poor
46419,Good
82370,Good
74030,Poor
1967,Poor
65427,Poor
9817,Good
79912,Good
96991,Poor
24643,Good
8422,Good
8381,Poor
89726,Good
19406,Good
90037,Poor
78966,Good
44621,Poor
61832,Good
27748,Poor
97204,Good
3789,Poor
47556,Poor
90420,Good
84307,Poor
41147,Good
58093,Good
70710,Poor
91364,Good
18573,Poor
794,Poor
7397,Poor
95567,Good
68186,Poor
25202,Good
35783,Poor
38429,Poor
94635,Poor
19314,Poor
9155,Poor
5931,Good
81932,Good
85886,Poor
3203,Good
2030,Good
92732,Poor
80993,Good
67681,Poor
3997,Poor
34739,Poor
26032,Poor
32368,Good
65238,Poor
96341,Poor
74381,Poor
20509,Good
77920,Poor
41578,Poor
17578,Poor
11711,Good
77295,Good
30361,Good
60717,Good
79451,Good
29491,Good
85831,Good
3141,Poor
8248,Poor
86690,Poor
628,Good
31903,Good
80437,Poor
89564,Poor
15013,Poor
45319,Poor
5575,Poor
83562,Good
81023,Good
44121,Good
7486,Good
29261,Poor
70170,Good
12003,Good
24124,Poor
7315,Poor
3078,Good
54697,Good
14546,Good
52803,Good
25545,Good
28461,Good
47498,Good
41008,Poor
85014,Good
36068,Poor
58757,Good
27186,Poor
20902,Poor
41975,Good
99753,Good
33736,Good
23810,Good
28381,Good
92551,Good
63375,Poor
47207,Poor
96086,Good
63381,Poor
12893,Poor
42818,Poor
27864,Good
82452,Poor
99941,Good
14427,Poor
67502,Good
92731,Good
69818,Good
87357,Poor
7324,Good
93468,Poor
14011,Good
85850,Good
75990,Poor
33604,Good
33754,Poor
74935,Poor
49056,Poor
19535,Poor
96245,Good
41223,Good
6134,Good
94557,Poor
32674,Good
75836,Poor
65589,Poor
58992,Good
87492,Good
57681,Good
5816,Poor
82210,Poor
43914,Poor
57792,Good
45469,Poor
42120,Poor
62827,Poor
67006,Poor
66215,Good
50340,Poor
31742,Poor
60479,Good
82211,Good
82135,Good
69744,Poor
62634,Good
42532,Good
33332,Poor
16048,Good
59180,Poor
15015,Poor
36472,Good
87670,Poor
37655,Good
5681,Good
23472,Poor
78195,Good
50268,Good
35077,Good
70139,Poor
68189,Poor
80297,Good
29258,Good
34336,Good
64667,Poor
73440,Good
74600,Good
70520,Poor
90118,Poor
50687,Good
74725,Poor
21791,Good
19188,Poor
61016,Poor
11534,Poor
5125,Poor
72190,Poor
24761,Good
87999,Poor
31175,Poor
47749,Good
89984,Good
8897,Good
81880,Poor
62802,Poor
37257,Good
77151,Poor
41007,Poor
93032,Good
32556,Good
5263,Poor
81134,Good
798,Poor
53954,Good
28223,Good
74578,Good
39241,Poor
67982,Good
62818,Poor
37925,Good
97053,Poor
55590,Good
37261,Good
82096,Good
39092,Good
92428,Poor
97402,Good
17759,Poor
39189,Good
89110,Poor
88351,Good
44938,Good
27558,Poor
63378,Good
60429,Poor
84887,Poor
80188,Poor
78537,Poor
38131,Good
35425,Good
18019,Good
5341,Good
55210,Poor
39966,Poor
28510,Poor
4578,Good
59100,Good
54548,Poor
7943,Good
29768,Poor
3572,Good
20062,Good
43180,Poor
34169,Good
80205,Good
62455,Poor
92503,Good
66598,Good
36078,Poor
11418,Poor
99211,Good
82159,Good
87558,Poor
80101,Poor
32630,Good
92356,Poor
62064,Poor
97041,Good
21147,Poor
28013,Good
21110,Poor
29091,Good
35150,Good
16709,Good
84698,Poor
22394,Poor
86789,Poor
87638,Poor
77596,Poor
9853,Poor
92945,Poor
95785,Poor
93968,Poor
59069,Good
19655,Poor
48943,Good
97996,Good
98499,Good
86131,Poor
12014,Good
38620,Good
77676,Good
33883,Good
24135,Good
554,Poor
96247,Good
24922,Poor
99160,Poor
84748,Poor
29756,Poor
47740,Good
69159,Good
95711,Good
42819,Poor
41435,Poor
30999,Poor
70705,Poor
15340,Good
14005,Poor
29615,Poor
31842,Poor
14870,Poor
36847,Good
90594,Good
28330,Good
65583,Poor
59270,Good
21523,Poor
38992,Good
15952,Good
98318,Poor
59201,Poor
23746,Good
44352,Good
24875,Good
93970,Good
23802,Good
30850,Poor
12558,Good
89034,Good
45175,Poor
8038,Good
14083,Poor
91780,Poor
63311,Good
17246,Poor
90498,Poor
86285,Good
1539,Poor
55552,Good
82016,Good
43963,Poor
36989,Poor
86637,Poor
50025,Good
1325,Good
99444,Good
26919,Poor
42050,Good
50109,Good
52793,Good
84605,Poor
1594,Good
81310,Poor
42500,Good
99935,Poor
76513,Poor
70430,Poor
39850,Poor
76059,Poor
48926,Good
40280,Good
35171,Poor
28580,Poor
74801,Poor
43181,Good
41876,Poor
78889,Poor
10859,Poor
81021,Poor
9282,Poor
26690,Poor
12250,Poor
14430,Good
85671,Poor
92483,Poor
78922,Good
89946,Good
24149,Good
54569,Poor
81417,Poor
59008,Poor
82247,Good
90884,Good
42224,Good
66299,Good
74917,Good
58955,Good
7382,Good
48098,Good
76283,Poor
2241,Poor
40284,Good
45909,Poor
25684,Poor
29350,Poor
43730,Poor
51202,Poor
15002,Good
22116,Good
39632,Poor
62180,Poor
49629,Good
16933,Good
35109,Poor
46347,Poor
71293,Good
89974,Poor
16850,Good
79886,Good
3848,Good
4693,Poor
27813,Good
85769,Good
91127,Good
30311,Good
50134,Good
79048,Poor
48796,Good
39230,Poor
76437,Poor
65644,Poor
3656,Poor
81794,Good
84360,Good
88678,Good
72374,Good
17459,Good
64808,Good
82819,Poor
14410,Poor
96029,Good
98324,Good
94910,Good
35210,Poor
27781,Good
71040,Good
78691,Poor
27747,Poor
13208,Poor
44388,Poor
77667,Poor
55853,Good
40475,Good
41221,Good
81888,Poor
43513,Good
85771,Poor
29236,Good
27923,Poor
70575,Poor
60741,Good
35133,Good
15822,Poor
22443,Poor
78647,Poor
71373,Good
27944,Poor
39627,Good
49775,Good
53549,Poor
8281,Poor
93671,Good
78021,Good
50115,Poor
26992,Good
15229,Poor
30374,Good
24880,Good
28445,Poor
8178,Poor
11720,Good
33193,Poor
17395,Good
98161,Good
96383,Good
38298,Poor
94798,Poor
80052,Good
83915,Good
18766,Poor
91845,Poor
8797,Good
32875,Good
51260,Poor
31671,Good
71842,Good
71366,Poor
23511,Good
82209,Good
72905,Poor
34706,Poor
19922,Good
15862,Poor
21331,Good
76741,Good
29784,Poor
97415,Good
98018,Good
3998,Good
13931,Poor
20915,Good
40799,Good
20923,Poor
14830,Good
69179,Good
67157,Poor
52110,Good
89412,Good
7316,Good
63915,Poor
86213,Good
94875,Good
50098,Good
23815,Good
14319,Poor
88544,Poor
43621,Poor
88774,Good
27420,Poor
77835,Poor
58788,Good
28339,Poor
48679,Poor
53466,Good
27550,Poor
32478,Poor
8425,Good
29984,Good
33545,Poor
7622,Poor
17706,Poor
77367,Poor
70873,Good
88261,Poor
2053,Poor
56833,Good
3707,Poor
57454,Good
16475,Good
21041,Good
17904,Good
42576,Poor
63878,Poor
92175,Good
85649,Poor
57867,Poor
70829,Poor
99483,Good
36039,Good
13967,Good
98696,Poor
73632,Good
93410,Good
3540,Poor
43837,Poor
64558,Poor
54633,Poor
75079,Poor
6930,Good
97126,Poor
8641,Good
26518,Good
62179,Good
80127,Poor
64185,Poor
61571,Poor
78456,Poor
66525,Poor
45222,Good
70711,Poor
86944,Poor
81292,Poor
56646,Good
68568,Good
10971,Good
6340,Good
48658,Good
20245,Good
95869,Good
77408,Good
67297,Good
36985,Poor
65453,Poor
46543,Poor
93036,Good
16626,Good
87351,Poor
35959,Poor
51586,Poor
25834,Poor
21973,Good
35905,Poor
6000,Good
42667,Poor
10996,Good
93748,Poor
28617,Poor
32504,Poor
9478,Good
78440,Poor
6379,Good
51488,Good
11063,Good
88960,Good
80354,Poor
90060,Good
64430,Good
91605,Poor
38737,Good
93668,Poor
16653,Good
11523,Poor
29435,Poor
30736,Good
97055,Poor
71947,Good
95018,Good
46864,Poor
55785,Good
45751,Good
99432,Good
1703,Poor
24060,Good
50129,Poor
58438,Poor
2638,Poor
72755,Poor
71196,Good
17262,Poor
19750,Good
96285,Good
82699,Good
71948,Poor
26617,Good
79366,Good
12062,Poor
53763,Poor
54286,Poor
51630,Poor
49655,Good
89859,Good
3490,Good
98521,Good
91442,Poor
32369,Good
63224,Good
11574,Good
52560,Poor
11499,Good
97820,Good
13052,Poor
1597,Poor
15387,Poor
96402,Good
63617,Poor
72470,Poor
48993,Poor
37926,Poor
6695,Good
46593,Good
64685,Poor
14790,Poor
73179,Good
98561,Good
62119,Poor
30893,Good
15356,Good
74416,Poor
17837,Good
56198,Poor
69243,Poor
70696,Poor
21269,Good
14523,Good
40857,Poor
23530,Good
47984,Poor
7806,Good
97077,Poor
15445,Poor
69962,Good
97696,Good
5413,Poor
42660,Good
48883,Good
49787,Poor
24330,Good
92348,Poor
3331,Poor
1695,Good
31990,Poor
18936,Poor
85229,Poor
15189,Poor
84766,Good
57449,Good
68930,Poor
11645,Poor
1877,Good
79819,Poor
97882,Poor
70667,Poor
85136,Good
17354,Good
24737,Poor
9431,Poor
43202,Poor
65645,Good
63535,Good
64110,Poor
17054,Good
81579,Good
17894,Poor
10211,Poor
96651,Good
73368,Poor
53831,Good
8799,Good
51329,Good
10415,Poor
7600,Good
6642,Poor
89315,Good
73597,Poor
92874,Good
59814,Good
97215,Good
50143,Poor
84478,Good
93430,Poor
66578,Poor
13468,Poor
28906,Poor
34564,Good
1060,Poor
28309,Good
32087,Poor
73805,Good
3495,Poor
98088,Poor
42713,Good
36174,Poor
38608,Poor
76319,Good
38102,Good
63624,Poor
82046,Good
78337,Good
8304,Good
37843,Poor
52563,Poor
53695,Good
10401,Poor
38732,Good
84592,Poor
98436,Good
65787,Good
82269,Poor
9367,Poor
82661,Good
35821,Poor
2957,Poor
9617,Poor
2738,Good
43493,Good
82747,Poor
87660,Poor
23222,Good
39484,Good
23635,Good
17025,Good
20210,Good
51446,Good
65870,Poor
24661,Good
94373,Poor
89721,Poor
24735,Good
5193,Poor
79007,Poor
61238,Poor
96318,Good
88962,Poor
55512,Good
44948,Poor
40741,Good
53960,Good
33694,Poor
72016,Poor
16691,Good
7479,Good
85484,Poor
82980,Good
7636,Good
64642,Good
3546,Poor
70701,Poor
47415,Poor
28526,Poor
50799,Poor
79698,Poor
20057,Good
96205,Poor
87830,Poor
85725,Good
15227,Poor
3110,Poor
964,Poor
83908,Good
62083,Good
38585,Poor
12895,Poor
8229,Poor
62822,Good
71076,Poor
29092,Poor
38726,Good
4809,Poor
9116,Good
407,Poor
14460,Poor
98500,Poor
40963,Poor
40999,Good
795,Poor
15251,Poor
21704,Good
71070,Good
33482,Poor
22303,Good
77485,Poor
73351,Good
66222,Good
15404,Poor
38168,Good
52307,Good
36314,Good
87240,Poor
40498,Good
66916,Good
17952,Good
67325,Poor
29459,Poor
21677,Good
37036,Poor
38760,Good
74004,Good
19230,Good
77013,Poor
34643,Poor
69359,Good
35258,Poor
15695,Poor
11392,Poor
67201,Poor
74393,Good
56200,Poor
70037,Poor
3425,Good
93195,Good
14519,Poor
64700,Good
69211,Poor
64880,Poor
4205,Good
50104,Poor
56402,Good
31709,Good
4778,Poor
37941,Poor
13000,Poor
83525,Poor
10812,Good
38068,Poor
42455,Good
40499,Good
66456,Poor
15892,Good
95403,Good
21636,Good
69168,Good
55743,Good
97282,Poor
99837,Poor
23645,Poor
62845,Poor
78877,Poor
43974,Poor
86135,Poor
56829,Poor
86867,Poor
62237,Poor
14622,Poor
97427,Poor
94934,Good
34584,Good
50874,Good
51989,Poor
74748,Good
74003,Good
46254,Good
70175,Good
358,Good
42283,Poor
44099,Poor
95951,Good
61764,Poor
98069,Poor
5272,Poor
63822,Poor
59960,Poor
25956,Good
67354,Good
20784,Good
35335,Good
5485,Good
45695,Poor
64602,Good
36208,Poor
82424,Good
79334,Poor
52206,Good
80137,Good
95061,Good
85422,Good
38270,Poor
49331,Poor
66520,Good
11972,Good
15309,Good
77700,Good
69421,Poor
66437,Poor
94550,Good
51126,Poor
21263,Poor
48547,Good
32339,Good
34785,Good
20019,Good
3391,Good
29904,Good
81657,Good
2175,Poor
62594,Poor
37794,Poor
90196,Good
15331,Poor
59806,Poor
98059,Good
43690,Poor
67156,Poor
12024,Good
87352,Poor
1462,Good
60396,Good
91201,Poor
32193,Poor
49377,Poor
37506,Poor
75285,Poor
23590,Poor
85933,Poor
1723,Good
53552,Poor
49814,Good
74267,Poor
3888,Poor
79413,Poor
70861,Good
25318,Poor
66300,Good
49560,Poor
73116,Poor
73801,Poor
51746,Good
66575,Poor
37373,Poor
78031,Poor
96761,Good
59234,Good
75949,Poor
20306,Good
96895,Poor
67180,Good
45060,Good
717,Good
10861,Poor
31270,Poor
92326,Poor
47060,Poor
65558,Good
25453,Poor
87137,Good
59666,Good
54672,Good
96110,Poor
94095,Poor
36946,Good
30205,Poor
6829,Good
89780,Poor
26215,Poor
33400,Good
61548,Good
10038,Poor
75407,Good
17614,Poor
64570,Poor
52742,Good
23935,Good
84404,Good
19777,Poor
84718,Good
19294,Good
64236,Good
70011,Poor
90945,Good
38788,Good
91360,Poor
62977,Poor
73797,Good
51797,Poor
81346,Good
2775,Poor
2329,Poor
8274,Poor
17601,Good
34163,Poor
60023,Good
89866,Poor
90815,Poor
71086,Good
41994,Poor
77789,Good
79748,Good
38173,Good
75273,Poor
5954,Good
99737,Good
78737,Poor
20951,Poor
57983,Poor
75243,Poor
54354,Poor
27498,Poor
71705,Poor
34230,Good
41311,Good
46542,Poor
18175,Good
15235,Good
52554,Good
22870,Good
88627,Good
47585,Good
5417,Good
94962,Poor
44426,Good
39228,Poor
70073,Poor
19821,Poor
92212,Poor
72249,Good
14866,Poor
25102,Good
76070,Poor
44158,Poor
46831,Good
4393,Poor
61243,Good
85580,Poor
9313,Good
85951,Good
15554,Poor
47051,Poor
61728,Poor
78506,Good
52487,Poor
74244,Good
29075,Good
33404,Good
21004,Good
76569,Good
42434,Poor
13610,Poor
73502,Good
30741,Good
79518,Good
90114,Poor
48319,Good
38623,Good
33458,Poor
12343,Good
4056,Good
4125,Poor
30450,Good
38926,Poor
16334,Poor
54128,Poor
24435,Good
46743,Good
76072,Poor
52032,Good
2958,Good
29598,Good
94394,Good
21161,Good
11404,Good
89283,Good
4923,Good
98450,Poor
83773,Poor
43850,Good
81290,Good
42654,Good
15286,Poor
46519,Good
8596,Good
18136,Good
31064,Good
36729,Poor
68267,Good
13269,Good
58192,Poor
25083,Poor
29800,Poor
9691,Good
75144,Poor
69820,Good
75327,Good
93750,Poor
84649,Good
14751,Poor
70457,Good
12027,Poor
70989,Poor
91724,Good
93507,Poor
94607,Good
2404,Good
15296,Poor
64472,Good
71232,Poor
86861,Poor
73878,Good
49414,Poor
63876,Good
72248,Good
77407,Good
48521,Poor
26128,Poor
65689,Good
35054,Poor
69487,Good
73654,Good
57007,Poor
79889,Good
13222,Poor
66881,Poor
43761,Good
38253,Good
62451,Poor
55737,Poor
16350,Good
74022,Poor
43299,Poor
11238,Good
28809,Poor
17319,Poor
60955,Poor
69598,Poor
11008,Good
48251,Poor
7643,Good
19097,Good
89367,Poor
59908,Poor
45324,Good
47710,Poor
86619,Poor
73691,Poor
72848,Good
61149,Poor
46617,Poor
36810,Good
42608,Good
80762,Good
90974,Good
81654,Poor
93919,Good
3503,Good
58533,Poor
3582,Poor
90436,Good
5147,Good
22428,Good
76051,Poor
54640,Good
47121,Poor
33024,Poor
81345,Good
54770,Poor
35758,Good
63078,Good
39814,Poor
58814,Good
34694,Poor
76965,Poor
70277,Good
95874,Good
91226,Poor
70785,Good
19179,Good
61234,Good
19453,Poor
48032,Good
67334,Good
69294,Good
49511,Poor
78179,Good
83654,Good
55525,Poor
1517,Good
20855,Good
41985,Poor
21355,Poor
73392,Poor
5170,Poor
82603,Good
34578,Good
2707,Good
22280,Good
62350,Good
71999,Good
54779,Poor
62412,Poor
30921,Good
32426,Good
50410,Poor
77225,Good
66104,Good
21601,Good
28694,Good
39486,Good
58698,Poor
21194,Good
56144,Good
35097,Good
19781,Poor
16459,Poor
36814,Poor
46349,Poor
7229,Poor
24969,Poor
90306,Good
41178,Good
5208,Poor
88344,Good
16710,Good
57461,Good
47861,Good
56820,Good
94092,Good
83979,Good
89524,Good
49526,Poor
91652,Poor
5647,Good
84097,Good
82842,Poor
91294,Good
9616,Poor
90676,Good
89179,Good
21777,Poor
83314,Good
61515,Good
81034,Poor
3142,Good
87722,Poor
16925,Poor
35300,Good
86129,Good
72473,Good
